Workbook
Name 今日: 設定表!$B$4
Name 警察局名稱: 設定表!$B$16
Name 分局名稱: 設定表!$B$17
Name 派出所名稱: 設定表!$B$18
Name 派出所英文: 設定表!$B$19
Name 員警姓名清單: 設定表!$B$24:$B$83
Name 毒調率目標: 設定表!$B$87
Name 新進閾值: 設定表!$B$88
Name 老案閾值: 設定表!$B$89
Name 案件容量警示: 設定表!$B$90
Name 案件容量上限: 設定表!$B$91
Name 毒調逾期天數: 設定表!$B$92
Name 歷史保留月數: 設定表!$B$93
Name 案類代碼清單: 設定表!$A$98:$A$158
Name 案類名稱清單: 設定表!$B$98:$B$158
Name 案類分類清單: 設定表!$C$98:$C$158
Name 納入全般清單: 設定表!$D$98:$D$158
Name 違規項目清單: 設定表!$A$168:$A$177
Name 婦幼件數: 設定表!$B$181
Name 協尋件數: 設定表!$B$182
Name 偵辦進度清單: 設定表!$A$189:$A$192
Name 案件狀況清單: 設定表!$A$195:$A$198
Name 發生管轄清單: 設定表!$A$201:$A$202
Name 查獲管轄清單: 設定表!$A$205:$A$206
Name 性別清單: 設定表!$A$209:$A$210
Name 通緝清單: 設定表!$A$213:$A$214
Name 毒品管制情形清單: 設定表!$A$217:$A$222
Name 發展中進度清單: 設定表!$A$225:$A$227
Name 是否在職清單: 設定表!$A$230:$A$231
Name 績效類別清單: 設定表!$A$234:$A$236
Name 線索來源清單: 設定表!$A$239:$A$244
Name 重大性清單: 設定表!$A$247:$A$249

Sheet 首頁_操作說明
A1: 🏛 派出所綜合管制系統 v2
A2: KKEVIN-LIN-2026-V2.0 ｜ 全台通用 ｜ 無巨集 ｜ 一檔搞定刑案/毒調/交通/績效/歷史
A4: ★ 本月一句話
A5: ="系統健檢 ✓ 通過 ｜ 案件 " & IFERROR(COUNTA(Tbl案件[編號]), 0) & "/" & 案件容量上限 & " ｜ 健康狀態：穩定運作"
A7: 👤 我是… | D7: 📍 我要去…（點擊一鍵跳轉）
A8: ▸ 第一次用 | D8: → 設定表（先填派出所名稱與員警名冊）
A9: ▸ 員警／承辦人 | D9: → 案件資料庫（登錄案件）
A10: ▸ 所長 | D10: → 管制總覽（看全所狀態）
A11: ▸ 督導官 | D11: → 長官5分鐘報告（A4 一頁列印交付）
A12: ▸ 上級機關承辦 | D12: → 對上級機關上呈（公文體例三層格式）
A14: 📦 5 分鐘上手三步驟
A15: ① | B15: 填設定表 | C15: 派出所名稱、警察局、分局、員警名冊 — 一次設定終身受用
A16: ② | B16: 案件資料庫試打 | C16: 到「案件資料庫」第一列填試打資料，下拉選單會逐欄帶您
A17: ③ | B17: 回管制總覽 | C17: 看九宮格 KPI 是否點亮，狀態燈正常即代表系統運作健康
A19: =" © 林錦瑞 ｜ KKEVIN-LIN-2026-V2.1 ｜ 今日:" & TEXT(今日, "[$-zh-TW]yyyy/mm/dd")

Sheet 管制總覽
A1: 📊 管制總覽（V4 九宮格 Small Multiples）
A2: =" "&警察局名稱&" · "&分局名稱&" · "&派出所名稱&" ｜ 中華民國 "&(YEAR(今日)-1911)&" 年 "&TEXT(MONTH(今日),"00")&" 月 ｜ 製表："&TEXT(今日,"e/mm/dd")
A4: =IF(COUNTIF(S50:S58,"*紅*")>0,"🚨 全所有 "&COUNTIF(S50:S58,"*紅*")&" 項紅燈需立即處理，請查看下方警示摘要",IF(COUNTIF(S50:S58,"*黃*")>0,"⚠ 全所狀態尚可，"&COUNTIF(S50:S58,"*黃*")&" 項黃燈需關注，建議排入週會檢討","✓ 全所狀態良好：9 大 KPI 全綠燈通過"))
A6: 📊 9 KPI 九宮格 ｜ 每格：當期現值 + 狀態燈 + 近 12 月走勢
A8: 01 全般破獲率 | E8: =IF(A9>=0.85,"● 綠",IF(A9>=0.7,"⚠ 黃","● 紅")) | G8: 02 竊盜破獲率 | K8: =IF(G9>=0.8,"● 綠",IF(G9>=0.6,"⚠ 黃","● 紅")) | M8: 03 詐欺破獲率 | Q8: =IF(M9>=0.6,"● 綠",IF(M9>=0.4,"⚠ 黃","● 紅"))
A9: =IFERROR(COUNTIFS(Tbl案件[查獲管轄],"本轄",Tbl案件[是否破獲],"是",Tbl案件[歸屬年度],(YEAR(今日)-1911))/COUNTIFS(Tbl案件[發生管轄],"本轄",Tbl案件[歸屬年度],(YEAR(今日)-1911),Tbl案件[計入發生數],"是"),0) | G9: =IFERROR(COUNTIFS(Tbl案件[案類分類],"竊盜",Tbl案件[查獲管轄],"本轄",Tbl案件[是否破獲],"是",Tbl案件[歸屬年度],(YEAR(今日)-1911))/COUNTIFS(Tbl案件[案類分類],"竊盜",Tbl案件[發生管轄],"本轄",Tbl案件[歸屬年度],(YEAR(今日)-1911),Tbl案件[計入發生數],"是"),0) | M9: =IFERROR(COUNTIFS(Tbl案件[案類分類],"詐欺",Tbl案件[查獲管轄],"本轄",Tbl案件[是否破獲],"是",Tbl案件[歸屬年度],(YEAR(今日)-1911))/COUNTIFS(Tbl案件[案類分類],"詐欺",Tbl案件[發生管轄],"本轄",Tbl案件[歸屬年度],(YEAR(今日)-1911),Tbl案件[計入發生數],"是"),0)
A10: 目標 ≥ 85% ｜ 黃燈 70-85% ｜ 紅燈 < 70% | G10: 目標 ≥ 80% ｜ 黃燈 60-80% ｜ 紅燈 < 60% | M10: 目標 ≥ 60% ｜ 黃燈 40-60% ｜ 紅燈 < 40%
A11: =AR50 | G11: =AR51 | M11: =AR52
A13: 04 毒調率 | E13: =IF(IFERROR(SUM(Tbl毒調[是否到驗])/COUNTA(Tbl毒調[姓名]),0)>=毒調率目標,"● 綠",IF(IFERROR(SUM(Tbl毒調[是否到驗])/COUNTA(Tbl毒調[姓名]),0)>=(毒調率目標-0.1),"⚠ 黃","● 紅")) | G13: 05 未到驗人口 | K13: =IF(IFERROR(SUM(Tbl毒調[候選旗標]),0)<=5,"● 綠",IF(IFERROR(SUM(Tbl毒調[候選旗標]),0)<=10,"⚠ 黃","● 紅")) | M13: 06 未破案件 | Q13: =IF(M14<=5,"● 綠",IF(M14<=10,"⚠ 黃","● 紅"))
A14: =IFERROR(SUM(Tbl毒調[是否到驗])/COUNTA(Tbl毒調[姓名]),0) | G14: =IFERROR(COUNTA(Tbl毒調[姓名])-SUM(Tbl毒調[是否到驗])-COUNTIF(Tbl毒調[狀態燈],"*結束*"),0) | M14: =IFERROR(COUNTIFS(Tbl案件[案件狀況],"尚未偵破",Tbl案件[發生管轄],"本轄",Tbl案件[歸屬年度],(YEAR(今日)-1911),Tbl案件[計入發生數],"是"),0)
A15: 目標 ≥ 60% ｜ 黃燈 50-60% ｜ 紅燈 < 50% | G15: 目標 < 5 人 ｜ 黃燈 5-10 ｜ 紅燈 > 10（值越小越好） | M15: 目標 ≤ 5 件 ｜ 黃燈 5-10 件 ｜ 紅燈 > 10 件（值越小越好）
A16: =AR53 | G16: =AR54 | M16: =AR55
A18: 07 交通達成率 | E18: =IF(A19>=0.8,"● 綠",IF(A19>=0.6,"⚠ 黃","● 紅")) | G18: 08 酒駕取締 | K18: =IF(G19>=3,"● 綠",IF(G19>=1,"⚠ 黃","● 紅")) | M18: 09 闖紅燈取締 | Q18: =IF(M19>=5,"● 綠",IF(M19>=1,"⚠ 黃","● 紅"))
A19: =IFERROR(交通績效管制!E8,0) | G19: =IFERROR(COUNTIF(Tbl交通[違規項目],"*酒駕*"),0) | M19: =IFERROR(COUNTIF(Tbl交通[違規項目],"*闖紅燈*"),0)
A20: 目標 ≥ 80% ｜ 黃燈 60-80% ｜ 紅燈 < 60% | G20: 目標 ≥ 3 件 ｜ 黃燈 1-3 件 ｜ 紅燈 0 件 | M20: 目標 ≥ 5 件 ｜ 黃燈 1-5 件 ｜ 紅燈 0 件
A21: =AR56 | G21: =AR57 | M21: =AR58
A23: ⚠ 警示摘要（公式自動聚合 9 KPI 燈號）
A24: ● 紅燈總數 | G24: ⚠ 黃燈總數 | M24: ● 綠燈總數
A25: =COUNTIF(S50:S58,"*紅*") | G25: =COUNTIF(S50:S58,"*黃*") | M25: =COUNTIF(S50:S58,"*綠*")
A26: 需立即處理 | G26: 建議週會檢討 | M26: 持續維持
A28: ="© KKEVIN-LIN-2026-V2.0 ｜ 資料源：Tbl案件 + Tbl交通 + Tbl歷史 ｜ 製表："&TEXT(今日,"e/mm/dd")&" ｜ 下次重算：開檔自動"
R49: [helper] KPI | S49: 燈 | T49: 近 12 月資料 (T..AE) → | AF49: block 字元 (AF..AQ) → | AR49: sparkline 字串
R50: 01 全般破獲率 | S50: =E8 | T50: =IFERROR(INDEX(Tbl歷史,MAX(1,ROWS(Tbl歷史)-11+0),5),"") | U50: =IFERROR(INDEX(Tbl歷史,MAX(1,ROWS(Tbl歷史)-11+1),5),"") | V50: =IFERROR(INDEX(Tbl歷史,MAX(1,ROWS(Tbl歷史)-11+2),5),"") | W50: =IFERROR(INDEX(Tbl歷史,MAX(1,ROWS(Tbl歷史)-11+3),5),"") | X50: =IFERROR(INDEX(Tbl歷史,MAX(1,ROWS(Tbl歷史)-11+4),5),"") | Y50: =IFERROR(INDEX(Tbl歷史,MAX(1,ROWS(Tbl歷史)-11+5),5),"") | Z50: =IFERROR(INDEX(Tbl歷史,MAX(1,ROWS(Tbl歷史)-11+6),5),"") | AA50: =IFERROR(INDEX(Tbl歷史,MAX(1,ROWS(Tbl歷史)-11+7),5),"") | AB50: =IFERROR(INDEX(Tbl歷史,MAX(1,ROWS(Tbl歷史)-11+8),5),"") | AC50: =IFERROR(INDEX(Tbl歷史,MAX(1,ROWS(Tbl歷史)-11+9),5),"") | AD50: =IFERROR(INDEX(Tbl歷史,MAX(1,ROWS(Tbl歷史)-11+10),5),"") | AE50: =IFERROR(INDEX(Tbl歷史,MAX(1,ROWS(Tbl歷史)-11+11),5),"") | AF50: =IF(OR(NOT(ISNUMBER(T50)),MAX($T50:$AE50)=MIN($T50:$AE50)),IF(ISNUMBER(T50),"▄",""),CHOOSE(1+MIN(7,MAX(0,ROUND((T50-MIN($T50:$AE50))/(MAX($T50:$AE50)-MIN($T50:$AE50))*7,0))),"▁","▂","▃","▄","▅","▆","▇","█")) | AG50: =IF(OR(NOT(ISNUMBER(U50)),MAX($T50:$AE50)=MIN($T50:$AE50)),IF(ISNUMBER(U50),"▄",""),CHOOSE(1+MIN(7,MAX(0,ROUND((U50-MIN($T50:$AE50))/(MAX($T50:$AE50)-MIN($T50:$AE50))*7,0))),"▁","▂","▃","▄","▅","▆","▇","█")) | AH50: =IF(OR(NOT(ISNUMBER(V50)),MAX($T50:$AE50)=MIN($T50:$AE50)),IF(ISNUMBER(V50),"▄",""),CHOOSE(1+MIN(7,MAX(0,ROUND((V50-MIN($T50:$AE50))/(MAX($T50:$AE50)-MIN($T50:$AE50))*7,0))),"▁","▂","▃","▄","▅","▆","▇","█")) | AI50: =IF(OR(NOT(ISNUMBER(W50)),MAX($T50:$AE50)=MIN($T50:$AE50)),IF(ISNUMBER(W50),"▄",""),CHOOSE(1+MIN(7,MAX(0,ROUND((W50-MIN($T50:$AE50))/(MAX($T50:$AE50)-MIN($T50:$AE50))*7,0))),"▁","▂","▃","▄","▅","▆","▇","█")) | AJ50: =IF(OR(NOT(ISNUMBER(X50)),MAX($T50:$AE50)=MIN($T50:$AE50)),IF(ISNUMBER(X50),"▄",""),CHOOSE(1+MIN(7,MAX(0,ROUND((X50-MIN($T50:$AE50))/(MAX($T50:$AE50)-MIN($T50:$AE50))*7,0))),"▁","▂","▃","▄","▅","▆","▇","█")) | AK50: =IF(OR(NOT(ISNUMBER(Y50)),MAX($T50:$AE50)=MIN($T50:$AE50)),IF(ISNUMBER(Y50),"▄",""),CHOOSE(1+MIN(7,MAX(0,ROUND((Y50-MIN($T50:$AE50))/(MAX($T50:$AE50)-MIN($T50:$AE50))*7,0))),"▁","▂","▃","▄","▅","▆","▇","█")) | AL50: =IF(OR(NOT(ISNUMBER(Z50)),MAX($T50:$AE50)=MIN($T50:$AE50)),IF(ISNUMBER(Z50),"▄",""),CHOOSE(1+MIN(7,MAX(0,ROUND((Z50-MIN($T50:$AE50))/(MAX($T50:$AE50)-MIN($T50:$AE50))*7,0))),"▁","▂","▃","▄","▅","▆","▇","█")) | AM50: =IF(OR(NOT(ISNUMBER(AA50)),MAX($T50:$AE50)=MIN($T50:$AE50)),IF(ISNUMBER(AA50),"▄",""),CHOOSE(1+MIN(7,MAX(0,ROUND((AA50-MIN($T50:$AE50))/(MAX($T50:$AE50)-MIN($T50:$AE50))*7,0))),"▁","▂","▃","▄","▅","▆","▇","█")) | ... AQ50: =IF(OR(NOT(ISNUMBER(AE50)),MAX($T50:$AE50)=MIN($T50:$AE50)),IF(ISNUMBER(AE50),"▄",""),CHOOSE(1+MIN(7,MAX(0,ROUND((AE50-MIN($T50:$AE50))/(MAX($T50:$AE50)-MIN($T50:$AE50))*7,0))),"▁","▂","▃","▄","▅","▆","▇","█")) | AR50: =IFERROR(CONCAT($AF50:$AQ50),"")
R51: 02 竊盜破獲率 | S51: =K8 | T51: =IFERROR(INDEX(Tbl歷史,MAX(1,ROWS(Tbl歷史)-11+0),6),"") | U51: =IFERROR(INDEX(Tbl歷史,MAX(1,ROWS(Tbl歷史)-11+1),6),"") | V51: =IFERROR(INDEX(Tbl歷史,MAX(1,ROWS(Tbl歷史)-11+2),6),"") | W51: =IFERROR(INDEX(Tbl歷史,MAX(1,ROWS(Tbl歷史)-11+3),6),"") | X51: =IFERROR(INDEX(Tbl歷史,MAX(1,ROWS(Tbl歷史)-11+4),6),"") | Y51: =IFERROR(INDEX(Tbl歷史,MAX(1,ROWS(Tbl歷史)-11+5),6),"") | Z51: =IFERROR(INDEX(Tbl歷史,MAX(1,ROWS(Tbl歷史)-11+6),6),"") | AA51: =IFERROR(INDEX(Tbl歷史,MAX(1,ROWS(Tbl歷史)-11+7),6),"") | AB51: =IFERROR(INDEX(Tbl歷史,MAX(1,ROWS(Tbl歷史)-11+8),6),"") | AC51: =IFERROR(INDEX(Tbl歷史,MAX(1,ROWS(Tbl歷史)-11+9),6),"") | AD51: =IFERROR(INDEX(Tbl歷史,MAX(1,ROWS(Tbl歷史)-11+10),6),"") | AE51: =IFERROR(INDEX(Tbl歷史,MAX(1,ROWS(Tbl歷史)-11+11),6),"") | AF51: =IF(OR(NOT(ISNUMBER(T51)),MAX($T51:$AE51)=MIN($T51:$AE51)),IF(ISNUMBER(T51),"▄",""),CHOOSE(1+MIN(7,MAX(0,ROUND((T51-MIN($T51:$AE51))/(MAX($T51:$AE51)-MIN($T51:$AE51))*7,0))),"▁","▂","▃","▄","▅","▆","▇","█")) | AG51: =IF(OR(NOT(ISNUMBER(U51)),MAX($T51:$AE51)=MIN($T51:$AE51)),IF(ISNUMBER(U51),"▄",""),CHOOSE(1+MIN(7,MAX(0,ROUND((U51-MIN($T51:$AE51))/(MAX($T51:$AE51)-MIN($T51:$AE51))*7,0))),"▁","▂","▃","▄","▅","▆","▇","█")) | AH51: =IF(OR(NOT(ISNUMBER(V51)),MAX($T51:$AE51)=MIN($T51:$AE51)),IF(ISNUMBER(V51),"▄",""),CHOOSE(1+MIN(7,MAX(0,ROUND((V51-MIN($T51:$AE51))/(MAX($T51:$AE51)-MIN($T51:$AE51))*7,0))),"▁","▂","▃","▄","▅","▆","▇","█")) | AI51: =IF(OR(NOT(ISNUMBER(W51)),MAX($T51:$AE51)=MIN($T51:$AE51)),IF(ISNUMBER(W51),"▄",""),CHOOSE(1+MIN(7,MAX(0,ROUND((W51-MIN($T51:$AE51))/(MAX($T51:$AE51)-MIN($T51:$AE51))*7,0))),"▁","▂","▃","▄","▅","▆","▇","█")) | AJ51: =IF(OR(NOT(ISNUMBER(X51)),MAX($T51:$AE51)=MIN($T51:$AE51)),IF(ISNUMBER(X51),"▄",""),CHOOSE(1+MIN(7,MAX(0,ROUND((X51-MIN($T51:$AE51))/(MAX($T51:$AE51)-MIN($T51:$AE51))*7,0))),"▁","▂","▃","▄","▅","▆","▇","█")) | AK51: =IF(OR(NOT(ISNUMBER(Y51)),MAX($T51:$AE51)=MIN($T51:$AE51)),IF(ISNUMBER(Y51),"▄",""),CHOOSE(1+MIN(7,MAX(0,ROUND((Y51-MIN($T51:$AE51))/(MAX($T51:$AE51)-MIN($T51:$AE51))*7,0))),"▁","▂","▃","▄","▅","▆","▇","█")) | AL51: =IF(OR(NOT(ISNUMBER(Z51)),MAX($T51:$AE51)=MIN($T51:$AE51)),IF(ISNUMBER(Z51),"▄",""),CHOOSE(1+MIN(7,MAX(0,ROUND((Z51-MIN($T51:$AE51))/(MAX($T51:$AE51)-MIN($T51:$AE51))*7,0))),"▁","▂","▃","▄","▅","▆","▇","█")) | AM51: =IF(OR(NOT(ISNUMBER(AA51)),MAX($T51:$AE51)=MIN($T51:$AE51)),IF(ISNUMBER(AA51),"▄",""),CHOOSE(1+MIN(7,MAX(0,ROUND((AA51-MIN($T51:$AE51))/(MAX($T51:$AE51)-MIN($T51:$AE51))*7,0))),"▁","▂","▃","▄","▅","▆","▇","█")) | ... AQ51: =IF(OR(NOT(ISNUMBER(AE51)),MAX($T51:$AE51)=MIN($T51:$AE51)),IF(ISNUMBER(AE51),"▄",""),CHOOSE(1+MIN(7,MAX(0,ROUND((AE51-MIN($T51:$AE51))/(MAX($T51:$AE51)-MIN($T51:$AE51))*7,0))),"▁","▂","▃","▄","▅","▆","▇","█")) | AR51: =IFERROR(CONCAT($AF51:$AQ51),"")
R52: 03 詐欺破獲率 | S52: =Q8 | T52: =IFERROR(INDEX(Tbl歷史,MAX(1,ROWS(Tbl歷史)-11+0),7),"") | U52: =IFERROR(INDEX(Tbl歷史,MAX(1,ROWS(Tbl歷史)-11+1),7),"") | V52: =IFERROR(INDEX(Tbl歷史,MAX(1,ROWS(Tbl歷史)-11+2),7),"") | W52: =IFERROR(INDEX(Tbl歷史,MAX(1,ROWS(Tbl歷史)-11+3),7),"") | X52: =IFERROR(INDEX(Tbl歷史,MAX(1,ROWS(Tbl歷史)-11+4),7),"") | Y52: =IFERROR(INDEX(Tbl歷史,MAX(1,ROWS(Tbl歷史)-11+5),7),"") | Z52: =IFERROR(INDEX(Tbl歷史,MAX(1,ROWS(Tbl歷史)-11+6),7),"") | AA52: =IFERROR(INDEX(Tbl歷史,MAX(1,ROWS(Tbl歷史)-11+7),7),"") | AB52: =IFERROR(INDEX(Tbl歷史,MAX(1,ROWS(Tbl歷史)-11+8),7),"") | AC52: =IFERROR(INDEX(Tbl歷史,MAX(1,ROWS(Tbl歷史)-11+9),7),"") | AD52: =IFERROR(INDEX(Tbl歷史,MAX(1,ROWS(Tbl歷史)-11+10),7),"") | AE52: =IFERROR(INDEX(Tbl歷史,MAX(1,ROWS(Tbl歷史)-11+11),7),"") | AF52: =IF(OR(NOT(ISNUMBER(T52)),MAX($T52:$AE52)=MIN($T52:$AE52)),IF(ISNUMBER(T52),"▄",""),CHOOSE(1+MIN(7,MAX(0,ROUND((T52-MIN($T52:$AE52))/(MAX($T52:$AE52)-MIN($T52:$AE52))*7,0))),"▁","▂","▃","▄","▅","▆","▇","█")) | AG52: =IF(OR(NOT(ISNUMBER(U52)),MAX($T52:$AE52)=MIN($T52:$AE52)),IF(ISNUMBER(U52),"▄",""),CHOOSE(1+MIN(7,MAX(0,ROUND((U52-MIN($T52:$AE52))/(MAX($T52:$AE52)-MIN($T52:$AE52))*7,0))),"▁","▂","▃","▄","▅","▆","▇","█")) | AH52: =IF(OR(NOT(ISNUMBER(V52)),MAX($T52:$AE52)=MIN($T52:$AE52)),IF(ISNUMBER(V52),"▄",""),CHOOSE(1+MIN(7,MAX(0,ROUND((V52-MIN($T52:$AE52))/(MAX($T52:$AE52)-MIN($T52:$AE52))*7,0))),"▁","▂","▃","▄","▅","▆","▇","█")) | AI52: =IF(OR(NOT(ISNUMBER(W52)),MAX($T52:$AE52)=MIN($T52:$AE52)),IF(ISNUMBER(W52),"▄",""),CHOOSE(1+MIN(7,MAX(0,ROUND((W52-MIN($T52:$AE52))/(MAX($T52:$AE52)-MIN($T52:$AE52))*7,0))),"▁","▂","▃","▄","▅","▆","▇","█")) | AJ52: =IF(OR(NOT(ISNUMBER(X52)),MAX($T52:$AE52)=MIN($T52:$AE52)),IF(ISNUMBER(X52),"▄",""),CHOOSE(1+MIN(7,MAX(0,ROUND((X52-MIN($T52:$AE52))/(MAX($T52:$AE52)-MIN($T52:$AE52))*7,0))),"▁","▂","▃","▄","▅","▆","▇","█")) | AK52: =IF(OR(NOT(ISNUMBER(Y52)),MAX($T52:$AE52)=MIN($T52:$AE52)),IF(ISNUMBER(Y52),"▄",""),CHOOSE(1+MIN(7,MAX(0,ROUND((Y52-MIN($T52:$AE52))/(MAX($T52:$AE52)-MIN($T52:$AE52))*7,0))),"▁","▂","▃","▄","▅","▆","▇","█")) | AL52: =IF(OR(NOT(ISNUMBER(Z52)),MAX($T52:$AE52)=MIN($T52:$AE52)),IF(ISNUMBER(Z52),"▄",""),CHOOSE(1+MIN(7,MAX(0,ROUND((Z52-MIN($T52:$AE52))/(MAX($T52:$AE52)-MIN($T52:$AE52))*7,0))),"▁","▂","▃","▄","▅","▆","▇","█")) | AM52: =IF(OR(NOT(ISNUMBER(AA52)),MAX($T52:$AE52)=MIN($T52:$AE52)),IF(ISNUMBER(AA52),"▄",""),CHOOSE(1+MIN(7,MAX(0,ROUND((AA52-MIN($T52:$AE52))/(MAX($T52:$AE52)-MIN($T52:$AE52))*7,0))),"▁","▂","▃","▄","▅","▆","▇","█")) | ... AQ52: =IF(OR(NOT(ISNUMBER(AE52)),MAX($T52:$AE52)=MIN($T52:$AE52)),IF(ISNUMBER(AE52),"▄",""),CHOOSE(1+MIN(7,MAX(0,ROUND((AE52-MIN($T52:$AE52))/(MAX($T52:$AE52)-MIN($T52:$AE52))*7,0))),"▁","▂","▃","▄","▅","▆","▇","█")) | AR52: =IFERROR(CONCAT($AF52:$AQ52),"")
R53: 04 毒調率 | S53: =E13 | T53: =IFERROR(INDEX(Tbl歷史,MAX(1,ROWS(Tbl歷史)-11+0),10),"") | U53: =IFERROR(INDEX(Tbl歷史,MAX(1,ROWS(Tbl歷史)-11+1),10),"") | V53: =IFERROR(INDEX(Tbl歷史,MAX(1,ROWS(Tbl歷史)-11+2),10),"") | W53: =IFERROR(INDEX(Tbl歷史,MAX(1,ROWS(Tbl歷史)-11+3),10),"") | X53: =IFERROR(INDEX(Tbl歷史,MAX(1,ROWS(Tbl歷史)-11+4),10),"") | Y53: =IFERROR(INDEX(Tbl歷史,MAX(1,ROWS(Tbl歷史)-11+5),10),"") | Z53: =IFERROR(INDEX(Tbl歷史,MAX(1,ROWS(Tbl歷史)-11+6),10),"") | AA53: =IFERROR(INDEX(Tbl歷史,MAX(1,ROWS(Tbl歷史)-11+7),10),"") | AB53: =IFERROR(INDEX(Tbl歷史,MAX(1,ROWS(Tbl歷史)-11+8),10),"") | AC53: =IFERROR(INDEX(Tbl歷史,MAX(1,ROWS(Tbl歷史)-11+9),10),"") | AD53: =IFERROR(INDEX(Tbl歷史,MAX(1,ROWS(Tbl歷史)-11+10),10),"") | AE53: =IFERROR(INDEX(Tbl歷史,MAX(1,ROWS(Tbl歷史)-11+11),10),"") | AF53: =IF(OR(NOT(ISNUMBER(T53)),MAX($T53:$AE53)=MIN($T53:$AE53)),IF(ISNUMBER(T53),"▄",""),CHOOSE(1+MIN(7,MAX(0,ROUND((T53-MIN($T53:$AE53))/(MAX($T53:$AE53)-MIN($T53:$AE53))*7,0))),"▁","▂","▃","▄","▅","▆","▇","█")) | AG53: =IF(OR(NOT(ISNUMBER(U53)),MAX($T53:$AE53)=MIN($T53:$AE53)),IF(ISNUMBER(U53),"▄",""),CHOOSE(1+MIN(7,MAX(0,ROUND((U53-MIN($T53:$AE53))/(MAX($T53:$AE53)-MIN($T53:$AE53))*7,0))),"▁","▂","▃","▄","▅","▆","▇","█")) | AH53: =IF(OR(NOT(ISNUMBER(V53)),MAX($T53:$AE53)=MIN($T53:$AE53)),IF(ISNUMBER(V53),"▄",""),CHOOSE(1+MIN(7,MAX(0,ROUND((V53-MIN($T53:$AE53))/(MAX($T53:$AE53)-MIN($T53:$AE53))*7,0))),"▁","▂","▃","▄","▅","▆","▇","█")) | AI53: =IF(OR(NOT(ISNUMBER(W53)),MAX($T53:$AE53)=MIN($T53:$AE53)),IF(ISNUMBER(W53),"▄",""),CHOOSE(1+MIN(7,MAX(0,ROUND((W53-MIN($T53:$AE53))/(MAX($T53:$AE53)-MIN($T53:$AE53))*7,0))),"▁","▂","▃","▄","▅","▆","▇","█")) | AJ53: =IF(OR(NOT(ISNUMBER(X53)),MAX($T53:$AE53)=MIN($T53:$AE53)),IF(ISNUMBER(X53),"▄",""),CHOOSE(1+MIN(7,MAX(0,ROUND((X53-MIN($T53:$AE53))/(MAX($T53:$AE53)-MIN($T53:$AE53))*7,0))),"▁","▂","▃","▄","▅","▆","▇","█")) | AK53: =IF(OR(NOT(ISNUMBER(Y53)),MAX($T53:$AE53)=MIN($T53:$AE53)),IF(ISNUMBER(Y53),"▄",""),CHOOSE(1+MIN(7,MAX(0,ROUND((Y53-MIN($T53:$AE53))/(MAX($T53:$AE53)-MIN($T53:$AE53))*7,0))),"▁","▂","▃","▄","▅","▆","▇","█")) | AL53: =IF(OR(NOT(ISNUMBER(Z53)),MAX($T53:$AE53)=MIN($T53:$AE53)),IF(ISNUMBER(Z53),"▄",""),CHOOSE(1+MIN(7,MAX(0,ROUND((Z53-MIN($T53:$AE53))/(MAX($T53:$AE53)-MIN($T53:$AE53))*7,0))),"▁","▂","▃","▄","▅","▆","▇","█")) | AM53: =IF(OR(NOT(ISNUMBER(AA53)),MAX($T53:$AE53)=MIN($T53:$AE53)),IF(ISNUMBER(AA53),"▄",""),CHOOSE(1+MIN(7,MAX(0,ROUND((AA53-MIN($T53:$AE53))/(MAX($T53:$AE53)-MIN($T53:$AE53))*7,0))),"▁","▂","▃","▄","▅","▆","▇","█")) | ... AQ53: =IF(OR(NOT(ISNUMBER(AE53)),MAX($T53:$AE53)=MIN($T53:$AE53)),IF(ISNUMBER(AE53),"▄",""),CHOOSE(1+MIN(7,MAX(0,ROUND((AE53-MIN($T53:$AE53))/(MAX($T53:$AE53)-MIN($T53:$AE53))*7,0))),"▁","▂","▃","▄","▅","▆","▇","█")) | AR53: =IFERROR(CONCAT($AF53:$AQ53),"")
R54: 05 未到驗人口 | S54: =K13 | T54: =IFERROR(INDEX(Tbl歷史,MAX(1,ROWS(Tbl歷史)-11+0),11),"") | U54: =IFERROR(INDEX(Tbl歷史,MAX(1,ROWS(Tbl歷史)-11+1),11),"") | V54: =IFERROR(INDEX(Tbl歷史,MAX(1,ROWS(Tbl歷史)-11+2),11),"") | W54: =IFERROR(INDEX(Tbl歷史,MAX(1,ROWS(Tbl歷史)-11+3),11),"") | X54: =IFERROR(INDEX(Tbl歷史,MAX(1,ROWS(Tbl歷史)-11+4),11),"") | Y54: =IFERROR(INDEX(Tbl歷史,MAX(1,ROWS(Tbl歷史)-11+5),11),"") | Z54: =IFERROR(INDEX(Tbl歷史,MAX(1,ROWS(Tbl歷史)-11+6),11),"") | AA54: =IFERROR(INDEX(Tbl歷史,MAX(1,ROWS(Tbl歷史)-11+7),11),"") | AB54: =IFERROR(INDEX(Tbl歷史,MAX(1,ROWS(Tbl歷史)-11+8),11),"") | AC54: =IFERROR(INDEX(Tbl歷史,MAX(1,ROWS(Tbl歷史)-11+9),11),"") | AD54: =IFERROR(INDEX(Tbl歷史,MAX(1,ROWS(Tbl歷史)-11+10),11),"") | AE54: =IFERROR(INDEX(Tbl歷史,MAX(1,ROWS(Tbl歷史)-11+11),11),"") | AF54: =IF(OR(NOT(ISNUMBER(T54)),MAX($T54:$AE54)=MIN($T54:$AE54)),IF(ISNUMBER(T54),"▄",""),CHOOSE(1+MIN(7,MAX(0,ROUND((T54-MIN($T54:$AE54))/(MAX($T54:$AE54)-MIN($T54:$AE54))*7,0))),"▁","▂","▃","▄","▅","▆","▇","█")) | AG54: =IF(OR(NOT(ISNUMBER(U54)),MAX($T54:$AE54)=MIN($T54:$AE54)),IF(ISNUMBER(U54),"▄",""),CHOOSE(1+MIN(7,MAX(0,ROUND((U54-MIN($T54:$AE54))/(MAX($T54:$AE54)-MIN($T54:$AE54))*7,0))),"▁","▂","▃","▄","▅","▆","▇","█")) | AH54: =IF(OR(NOT(ISNUMBER(V54)),MAX($T54:$AE54)=MIN($T54:$AE54)),IF(ISNUMBER(V54),"▄",""),CHOOSE(1+MIN(7,MAX(0,ROUND((V54-MIN($T54:$AE54))/(MAX($T54:$AE54)-MIN($T54:$AE54))*7,0))),"▁","▂","▃","▄","▅","▆","▇","█")) | AI54: =IF(OR(NOT(ISNUMBER(W54)),MAX($T54:$AE54)=MIN($T54:$AE54)),IF(ISNUMBER(W54),"▄",""),CHOOSE(1+MIN(7,MAX(0,ROUND((W54-MIN($T54:$AE54))/(MAX($T54:$AE54)-MIN($T54:$AE54))*7,0))),"▁","▂","▃","▄","▅","▆","▇","█")) | AJ54: =IF(OR(NOT(ISNUMBER(X54)),MAX($T54:$AE54)=MIN($T54:$AE54)),IF(ISNUMBER(X54),"▄",""),CHOOSE(1+MIN(7,MAX(0,ROUND((X54-MIN($T54:$AE54))/(MAX($T54:$AE54)-MIN($T54:$AE54))*7,0))),"▁","▂","▃","▄","▅","▆","▇","█")) | AK54: =IF(OR(NOT(ISNUMBER(Y54)),MAX($T54:$AE54)=MIN($T54:$AE54)),IF(ISNUMBER(Y54),"▄",""),CHOOSE(1+MIN(7,MAX(0,ROUND((Y54-MIN($T54:$AE54))/(MAX($T54:$AE54)-MIN($T54:$AE54))*7,0))),"▁","▂","▃","▄","▅","▆","▇","█")) | AL54: =IF(OR(NOT(ISNUMBER(Z54)),MAX($T54:$AE54)=MIN($T54:$AE54)),IF(ISNUMBER(Z54),"▄",""),CHOOSE(1+MIN(7,MAX(0,ROUND((Z54-MIN($T54:$AE54))/(MAX($T54:$AE54)-MIN($T54:$AE54))*7,0))),"▁","▂","▃","▄","▅","▆","▇","█")) | AM54: =IF(OR(NOT(ISNUMBER(AA54)),MAX($T54:$AE54)=MIN($T54:$AE54)),IF(ISNUMBER(AA54),"▄",""),CHOOSE(1+MIN(7,MAX(0,ROUND((AA54-MIN($T54:$AE54))/(MAX($T54:$AE54)-MIN($T54:$AE54))*7,0))),"▁","▂","▃","▄","▅","▆","▇","█")) | ... AQ54: =IF(OR(NOT(ISNUMBER(AE54)),MAX($T54:$AE54)=MIN($T54:$AE54)),IF(ISNUMBER(AE54),"▄",""),CHOOSE(1+MIN(7,MAX(0,ROUND((AE54-MIN($T54:$AE54))/(MAX($T54:$AE54)-MIN($T54:$AE54))*7,0))),"▁","▂","▃","▄","▅","▆","▇","█")) | AR54: =IFERROR(CONCAT($AF54:$AQ54),"")
R55: 06 未破案件 | S55: =Q13 | T55: =IFERROR(INDEX(Tbl歷史,MAX(1,ROWS(Tbl歷史)-11+0),3),"") | U55: =IFERROR(INDEX(Tbl歷史,MAX(1,ROWS(Tbl歷史)-11+1),3),"") | V55: =IFERROR(INDEX(Tbl歷史,MAX(1,ROWS(Tbl歷史)-11+2),3),"") | W55: =IFERROR(INDEX(Tbl歷史,MAX(1,ROWS(Tbl歷史)-11+3),3),"") | X55: =IFERROR(INDEX(Tbl歷史,MAX(1,ROWS(Tbl歷史)-11+4),3),"") | Y55: =IFERROR(INDEX(Tbl歷史,MAX(1,ROWS(Tbl歷史)-11+5),3),"") | Z55: =IFERROR(INDEX(Tbl歷史,MAX(1,ROWS(Tbl歷史)-11+6),3),"") | AA55: =IFERROR(INDEX(Tbl歷史,MAX(1,ROWS(Tbl歷史)-11+7),3),"") | AB55: =IFERROR(INDEX(Tbl歷史,MAX(1,ROWS(Tbl歷史)-11+8),3),"") | AC55: =IFERROR(INDEX(Tbl歷史,MAX(1,ROWS(Tbl歷史)-11+9),3),"") | AD55: =IFERROR(INDEX(Tbl歷史,MAX(1,ROWS(Tbl歷史)-11+10),3),"") | AE55: =IFERROR(INDEX(Tbl歷史,MAX(1,ROWS(Tbl歷史)-11+11),3),"") | AF55: =IF(OR(NOT(ISNUMBER(T55)),MAX($T55:$AE55)=MIN($T55:$AE55)),IF(ISNUMBER(T55),"▄",""),CHOOSE(1+MIN(7,MAX(0,ROUND((T55-MIN($T55:$AE55))/(MAX($T55:$AE55)-MIN($T55:$AE55))*7,0))),"▁","▂","▃","▄","▅","▆","▇","█")) | AG55: =IF(OR(NOT(ISNUMBER(U55)),MAX($T55:$AE55)=MIN($T55:$AE55)),IF(ISNUMBER(U55),"▄",""),CHOOSE(1+MIN(7,MAX(0,ROUND((U55-MIN($T55:$AE55))/(MAX($T55:$AE55)-MIN($T55:$AE55))*7,0))),"▁","▂","▃","▄","▅","▆","▇","█")) | AH55: =IF(OR(NOT(ISNUMBER(V55)),MAX($T55:$AE55)=MIN($T55:$AE55)),IF(ISNUMBER(V55),"▄",""),CHOOSE(1+MIN(7,MAX(0,ROUND((V55-MIN($T55:$AE55))/(MAX($T55:$AE55)-MIN($T55:$AE55))*7,0))),"▁","▂","▃","▄","▅","▆","▇","█")) | AI55: =IF(OR(NOT(ISNUMBER(W55)),MAX($T55:$AE55)=MIN($T55:$AE55)),IF(ISNUMBER(W55),"▄",""),CHOOSE(1+MIN(7,MAX(0,ROUND((W55-MIN($T55:$AE55))/(MAX($T55:$AE55)-MIN($T55:$AE55))*7,0))),"▁","▂","▃","▄","▅","▆","▇","█")) | AJ55: =IF(OR(NOT(ISNUMBER(X55)),MAX($T55:$AE55)=MIN($T55:$AE55)),IF(ISNUMBER(X55),"▄",""),CHOOSE(1+MIN(7,MAX(0,ROUND((X55-MIN($T55:$AE55))/(MAX($T55:$AE55)-MIN($T55:$AE55))*7,0))),"▁","▂","▃","▄","▅","▆","▇","█")) | AK55: =IF(OR(NOT(ISNUMBER(Y55)),MAX($T55:$AE55)=MIN($T55:$AE55)),IF(ISNUMBER(Y55),"▄",""),CHOOSE(1+MIN(7,MAX(0,ROUND((Y55-MIN($T55:$AE55))/(MAX($T55:$AE55)-MIN($T55:$AE55))*7,0))),"▁","▂","▃","▄","▅","▆","▇","█")) | AL55: =IF(OR(NOT(ISNUMBER(Z55)),MAX($T55:$AE55)=MIN($T55:$AE55)),IF(ISNUMBER(Z55),"▄",""),CHOOSE(1+MIN(7,MAX(0,ROUND((Z55-MIN($T55:$AE55))/(MAX($T55:$AE55)-MIN($T55:$AE55))*7,0))),"▁","▂","▃","▄","▅","▆","▇","█")) | AM55: =IF(OR(NOT(ISNUMBER(AA55)),MAX($T55:$AE55)=MIN($T55:$AE55)),IF(ISNUMBER(AA55),"▄",""),CHOOSE(1+MIN(7,MAX(0,ROUND((AA55-MIN($T55:$AE55))/(MAX($T55:$AE55)-MIN($T55:$AE55))*7,0))),"▁","▂","▃","▄","▅","▆","▇","█")) | ... AQ55: =IF(OR(NOT(ISNUMBER(AE55)),MAX($T55:$AE55)=MIN($T55:$AE55)),IF(ISNUMBER(AE55),"▄",""),CHOOSE(1+MIN(7,MAX(0,ROUND((AE55-MIN($T55:$AE55))/(MAX($T55:$AE55)-MIN($T55:$AE55))*7,0))),"▁","▂","▃","▄","▅","▆","▇","█")) | AR55: =IFERROR(CONCAT($AF55:$AQ55),"")
R56: 07 交通達成率 | S56: =E18 | T56: =IFERROR(INDEX(Tbl歷史,MAX(1,ROWS(Tbl歷史)-11+0),12),"") | U56: =IFERROR(INDEX(Tbl歷史,MAX(1,ROWS(Tbl歷史)-11+1),12),"") | V56: =IFERROR(INDEX(Tbl歷史,MAX(1,ROWS(Tbl歷史)-11+2),12),"") | W56: =IFERROR(INDEX(Tbl歷史,MAX(1,ROWS(Tbl歷史)-11+3),12),"") | X56: =IFERROR(INDEX(Tbl歷史,MAX(1,ROWS(Tbl歷史)-11+4),12),"") | Y56: =IFERROR(INDEX(Tbl歷史,MAX(1,ROWS(Tbl歷史)-11+5),12),"") | Z56: =IFERROR(INDEX(Tbl歷史,MAX(1,ROWS(Tbl歷史)-11+6),12),"") | AA56: =IFERROR(INDEX(Tbl歷史,MAX(1,ROWS(Tbl歷史)-11+7),12),"") | AB56: =IFERROR(INDEX(Tbl歷史,MAX(1,ROWS(Tbl歷史)-11+8),12),"") | AC56: =IFERROR(INDEX(Tbl歷史,MAX(1,ROWS(Tbl歷史)-11+9),12),"") | AD56: =IFERROR(INDEX(Tbl歷史,MAX(1,ROWS(Tbl歷史)-11+10),12),"") | AE56: =IFERROR(INDEX(Tbl歷史,MAX(1,ROWS(Tbl歷史)-11+11),12),"") | AF56: =IF(OR(NOT(ISNUMBER(T56)),MAX($T56:$AE56)=MIN($T56:$AE56)),IF(ISNUMBER(T56),"▄",""),CHOOSE(1+MIN(7,MAX(0,ROUND((T56-MIN($T56:$AE56))/(MAX($T56:$AE56)-MIN($T56:$AE56))*7,0))),"▁","▂","▃","▄","▅","▆","▇","█")) | AG56: =IF(OR(NOT(ISNUMBER(U56)),MAX($T56:$AE56)=MIN($T56:$AE56)),IF(ISNUMBER(U56),"▄",""),CHOOSE(1+MIN(7,MAX(0,ROUND((U56-MIN($T56:$AE56))/(MAX($T56:$AE56)-MIN($T56:$AE56))*7,0))),"▁","▂","▃","▄","▅","▆","▇","█")) | AH56: =IF(OR(NOT(ISNUMBER(V56)),MAX($T56:$AE56)=MIN($T56:$AE56)),IF(ISNUMBER(V56),"▄",""),CHOOSE(1+MIN(7,MAX(0,ROUND((V56-MIN($T56:$AE56))/(MAX($T56:$AE56)-MIN($T56:$AE56))*7,0))),"▁","▂","▃","▄","▅","▆","▇","█")) | AI56: =IF(OR(NOT(ISNUMBER(W56)),MAX($T56:$AE56)=MIN($T56:$AE56)),IF(ISNUMBER(W56),"▄",""),CHOOSE(1+MIN(7,MAX(0,ROUND((W56-MIN($T56:$AE56))/(MAX($T56:$AE56)-MIN($T56:$AE56))*7,0))),"▁","▂","▃","▄","▅","▆","▇","█")) | AJ56: =IF(OR(NOT(ISNUMBER(X56)),MAX($T56:$AE56)=MIN($T56:$AE56)),IF(ISNUMBER(X56),"▄",""),CHOOSE(1+MIN(7,MAX(0,ROUND((X56-MIN($T56:$AE56))/(MAX($T56:$AE56)-MIN($T56:$AE56))*7,0))),"▁","▂","▃","▄","▅","▆","▇","█")) | AK56: =IF(OR(NOT(ISNUMBER(Y56)),MAX($T56:$AE56)=MIN($T56:$AE56)),IF(ISNUMBER(Y56),"▄",""),CHOOSE(1+MIN(7,MAX(0,ROUND((Y56-MIN($T56:$AE56))/(MAX($T56:$AE56)-MIN($T56:$AE56))*7,0))),"▁","▂","▃","▄","▅","▆","▇","█")) | AL56: =IF(OR(NOT(ISNUMBER(Z56)),MAX($T56:$AE56)=MIN($T56:$AE56)),IF(ISNUMBER(Z56),"▄",""),CHOOSE(1+MIN(7,MAX(0,ROUND((Z56-MIN($T56:$AE56))/(MAX($T56:$AE56)-MIN($T56:$AE56))*7,0))),"▁","▂","▃","▄","▅","▆","▇","█")) | AM56: =IF(OR(NOT(ISNUMBER(AA56)),MAX($T56:$AE56)=MIN($T56:$AE56)),IF(ISNUMBER(AA56),"▄",""),CHOOSE(1+MIN(7,MAX(0,ROUND((AA56-MIN($T56:$AE56))/(MAX($T56:$AE56)-MIN($T56:$AE56))*7,0))),"▁","▂","▃","▄","▅","▆","▇","█")) | ... AQ56: =IF(OR(NOT(ISNUMBER(AE56)),MAX($T56:$AE56)=MIN($T56:$AE56)),IF(ISNUMBER(AE56),"▄",""),CHOOSE(1+MIN(7,MAX(0,ROUND((AE56-MIN($T56:$AE56))/(MAX($T56:$AE56)-MIN($T56:$AE56))*7,0))),"▁","▂","▃","▄","▅","▆","▇","█")) | AR56: =IFERROR(CONCAT($AF56:$AQ56),"")
R57: 08 酒駕取締 | S57: =K18 | AR57: ="─ 待擴充 ─"
R58: 09 闖紅燈取締 | S58: =Q18 | AR58: ="─ 待擴充 ─"

Sheet 全般刑案管制情形分析
A1: ⚖ 全般刑案管制情形分析
A2: =派出所英文&" · "&警察局名稱&" · "&分局名稱&" · "&派出所名稱&" ｜ REPORT DATE: "&TEXT(今日,"yyyy/mm/dd")
A3: ="統計區間：中華民國 "&(YEAR(今日)-1911)&" 年 01/01 ~ "&TEXT(今日,"mm/dd")&" ｜ 同期對照：中華民國 "&(YEAR(今日)-1912)&" 年同期間"
A5: 壹 全般刑案總覽
A6: 🎯 本所統計·破獲率 查獲管轄=本轄 ÷ 發生管轄=本轄 | D6: 📊 發生件數 發生管轄=本轄 | F6: ✓ 破獲件數（本所） 查獲管轄=本轄
A7: =IFERROR(COUNTIFS(Tbl案件[查獲管轄],"本轄",Tbl案件[是否破獲],"是",Tbl案件[歸屬年度],(YEAR(今日)-1911))/COUNTIFS(Tbl案件[發生管轄],"本轄",Tbl案件[歸屬年度],(YEAR(今日)-1911),Tbl案件[計入發生數],"是"),0) | D7: =IFERROR(COUNTIFS(Tbl案件[發生管轄],"本轄",Tbl案件[歸屬年度],(YEAR(今日)-1911),Tbl案件[計入發生數],"是"),0) | F7: =IFERROR(COUNTIFS(Tbl案件[查獲管轄],"本轄",Tbl案件[是否破獲],"是",Tbl案件[歸屬年度],(YEAR(今日)-1911)),0)
A8: 本所破獲率： | C8: =REPT("█",MIN(20,ROUND(IFERROR(COUNTIFS(Tbl案件[查獲管轄],"本轄",Tbl案件[是否破獲],"是",Tbl案件[歸屬年度],(YEAR(今日)-1911))/COUNTIFS(Tbl案件[發生管轄],"本轄",Tbl案件[歸屬年度],(YEAR(今日)-1911),Tbl案件[計入發生數],"是"),0)*20,0)))&" "&TEXT(IFERROR(COUNTIFS(Tbl案件[查獲管轄],"本轄",Tbl案件[是否破獲],"是",Tbl案件[歸屬年度],(YEAR(今日)-1911))/COUNTIFS(Tbl案件[發生管轄],"本轄",Tbl案件[歸屬年度],(YEAR(今日)-1911),Tbl案件[計入發生數],"是"),0),"0.0%") | G8: =IF(IFERROR(COUNTIFS(Tbl案件[查獲管轄],"本轄",Tbl案件[是否破獲],"是",Tbl案件[歸屬年度],(YEAR(今日)-1911))/COUNTIFS(Tbl案件[發生管轄],"本轄",Tbl案件[歸屬年度],(YEAR(今日)-1911),Tbl案件[計入發生數],"是"),0)>=1,"✓ 達標","● 待達標")
A9: 分局破獲率： | C9: =REPT("█",MIN(20,ROUND(IFERROR(COUNTIFS(Tbl案件[發生管轄],"本轄",Tbl案件[是否破獲],"是",Tbl案件[歸屬年度],(YEAR(今日)-1911))/COUNTIFS(Tbl案件[發生管轄],"本轄",Tbl案件[歸屬年度],(YEAR(今日)-1911),Tbl案件[計入發生數],"是"),0)*20,0)))&" "&TEXT(IFERROR(COUNTIFS(Tbl案件[發生管轄],"本轄",Tbl案件[是否破獲],"是",Tbl案件[歸屬年度],(YEAR(今日)-1911))/COUNTIFS(Tbl案件[發生管轄],"本轄",Tbl案件[歸屬年度],(YEAR(今日)-1911),Tbl案件[計入發生數],"是"),0),"0.0%") | G9: 100% 基準
A10: ="差異分析：本所 vs 分局 差 "&IFERROR(COUNTIFS(Tbl案件[查獲管轄],"本轄",Tbl案件[是否破獲],"是",Tbl案件[歸屬年度],(YEAR(今日)-1911))-COUNTIFS(Tbl案件[發生管轄],"本轄",Tbl案件[是否破獲],"是",Tbl案件[歸屬年度],(YEAR(今日)-1911)),0)&" 件 = 拘提掃碼車手破他轄 "&IFERROR(COUNTIFS(Tbl案件[發生管轄],"他轄",Tbl案件[查獲管轄],"本轄",Tbl案件[歸屬年度],(YEAR(今日)-1911)),0)&" 件 + 本轄已破未移送 "&IFERROR(COUNTIFS(Tbl案件[發生管轄],"本轄",Tbl案件[案件狀況],"已破獲未移送",Tbl案件[歸屬年度],(YEAR(今日)-1911)),0)&" 件"
A12: 貳 重點案類（竊盜 / 詐欺）
A13: ="🔵 竊盜：發生 "&IFERROR(COUNTIFS(Tbl案件[案類分類],"竊盜",Tbl案件[發生管轄],"本轄",Tbl案件[歸屬年度],(YEAR(今日)-1911),Tbl案件[計入發生數],"是"),0)&" / 破獲 "&IFERROR(COUNTIFS(Tbl案件[案類分類],"竊盜",Tbl案件[查獲管轄],"本轄",Tbl案件[是否破獲],"是",Tbl案件[歸屬年度],(YEAR(今日)-1911)),0)&" / 破獲率 "&TEXT(IFERROR(COUNTIFS(Tbl案件[案類分類],"竊盜",Tbl案件[查獲管轄],"本轄",Tbl案件[是否破獲],"是",Tbl案件[歸屬年度],(YEAR(今日)-1911))/COUNTIFS(Tbl案件[案類分類],"竊盜",Tbl案件[發生管轄],"本轄",Tbl案件[歸屬年度],(YEAR(今日)-1911),Tbl案件[計入發生數],"是"),0),"0.0%") | E13: ="🟢 詐欺：發生 "&IFERROR(COUNTIFS(Tbl案件[案類分類],"詐欺",Tbl案件[發生管轄],"本轄",Tbl案件[歸屬年度],(YEAR(今日)-1911),Tbl案件[計入發生數],"是"),0)&" / 破獲 "&IFERROR(COUNTIFS(Tbl案件[案類分類],"詐欺",Tbl案件[查獲管轄],"本轄",Tbl案件[是否破獲],"是",Tbl案件[歸屬年度],(YEAR(今日)-1911)),0)&" / 破獲率 "&TEXT(IFERROR(COUNTIFS(Tbl案件[案類分類],"詐欺",Tbl案件[查獲管轄],"本轄",Tbl案件[是否破獲],"是",Tbl案件[歸屬年度],(YEAR(今日)-1911))/COUNTIFS(Tbl案件[案類分類],"詐欺",Tbl案件[發生管轄],"本轄",Tbl案件[歸屬年度],(YEAR(今日)-1911),Tbl案件[計入發生數],"是"),0),"0.0%")
A24: 參 未破案件與其他管制
A25: 分類原因（手動填） | D25: 件數（手動） | E25: 補充說明（手動填）
A26: 他轄發生暫掛 | D26: 0
A27: 網路詐欺跨境 | D27: 0
A28: 無監視器卷宗 | D28: 0
A29: ─ 總計（手動 vs 自動）─ | D29: =SUM(D26:D28) | E29: =" 自動算未破："&IFERROR(COUNTIFS(Tbl案件[發生管轄],"本轄",Tbl案件[案件狀況],"尚未偵破",Tbl案件[歸屬年度],(YEAR(今日)-1911),Tbl案件[計入發生數],"是"),0)&" 件 ｜ 若不一致請補分類"
A30: ="🛡 婦幼案件："&IF(婦幼件數=0,"目前尚無管制案件",婦幼件數&" 件 列管中") | E30: ="🔍 協尋人口："&IF(協尋件數=0,"目前尚無管制案件",協尋件數&" 件 列管中")
A32: ="報告人："&派出所名稱&"所長 ｜ 破獲率基準：100% ｜ 本所統計：查獲管轄=本轄；分局統計：發生管轄=本轄 ｜ 製表："&TEXT(今日,"e/mm/dd")
Q99: [helper] 竊盜環形圖 | S99: [helper] 詐欺環形圖
Q100: 已破 | R100: =IFERROR(COUNTIFS(Tbl案件[案類分類],"竊盜",Tbl案件[查獲管轄],"本轄",Tbl案件[是否破獲],"是",Tbl案件[歸屬年度],(YEAR(今日)-1911)),0) | S100: 已破 | T100: =IFERROR(COUNTIFS(Tbl案件[案類分類],"詐欺",Tbl案件[查獲管轄],"本轄",Tbl案件[是否破獲],"是",Tbl案件[歸屬年度],(YEAR(今日)-1911)),0)
Q101: 尚未偵破 | R101: =MAX(0,IFERROR(COUNTIFS(Tbl案件[案類分類],"竊盜",Tbl案件[發生管轄],"本轄",Tbl案件[歸屬年度],(YEAR(今日)-1911),Tbl案件[計入發生數],"是")-COUNTIFS(Tbl案件[案類分類],"竊盜",Tbl案件[查獲管轄],"本轄",Tbl案件[是否破獲],"是",Tbl案件[歸屬年度],(YEAR(今日)-1911)),0)) | S101: 尚未偵破 | T101: =MAX(0,IFERROR(COUNTIFS(Tbl案件[案類分類],"詐欺",Tbl案件[發生管轄],"本轄",Tbl案件[歸屬年度],(YEAR(今日)-1911),Tbl案件[計入發生數],"是")-COUNTIFS(Tbl案件[案類分類],"詐欺",Tbl案件[查獲管轄],"本轄",Tbl案件[是否破獲],"是",Tbl案件[歸屬年度],(YEAR(今日)-1911)),0))

Sheet 長官5分鐘報告
A1: =" 📜 " & 派出所名稱 & " ｜ 中華民國 " & (YEAR(今日)-1911) & " 年 " & TEXT(MONTH(今日),"00") & " 月勤務狀況報告"
A2: =" " & 警察局名稱 & " · " & 分局名稱 & " · " & 派出所名稱 & " ｜ 製表 " & TEXT(今日,"e/mm/dd") & " ｜ Pyramid Principle 5 分鐘簡報"
A3: =" 📌 報告人：" & 派出所名稱 & "所長 ｜ 呈：分局督導官 ｜ 本報告由系統自動聚合 + 所長行動方案"
A5: ★ 結論（一句話總結，公式自動）
A6: =IF(管制總覽!A25>0,"🚨 本月狀態嚴峻：9 大 KPI 有 " & 管制總覽!A25 & " 項紅燈，需立即處置（建議優先處理未破刑案與毒調候選）",IF(管制總覽!G25>0,"⚠ 本月狀態尚可：" & 管制總覽!G25 & " 項黃燈需關注，建議排入週會檢討；其餘 KPI 達標","✓ 本月狀態良好：9 大 KPI 全綠燈通過，建議持續維持"))
A9: ★ 三大重點（按優先順序：刑案 → 毒調 → 交通）
A10: 🔍 刑案績效
A11: =" ① 本所統計破獲率：" & TEXT(IFERROR(COUNTIFS(Tbl案件[查獲管轄],"本轄",Tbl案件[是否破獲],"是",Tbl案件[歸屬年度],(YEAR(今日)-1911))/COUNTIFS(Tbl案件[發生管轄],"本轄",Tbl案件[歸屬年度],(YEAR(今日)-1911),Tbl案件[計入發生數],"是"),0),"0.0%") & "（年度累計）"
A12: =" ② 案件狀況分布：尚未偵破 " & IFERROR(COUNTIFS(Tbl案件[案件狀況],"尚未偵破",Tbl案件[發生管轄],"本轄",Tbl案件[歸屬年度],(YEAR(今日)-1911)),0) & " 件 已破獲未移送 " & IFERROR(COUNTIFS(Tbl案件[案件狀況],"已破獲未移送",Tbl案件[歸屬年度],(YEAR(今日)-1911)),0) & " 件 已移送 " & IFERROR(COUNTIFS(Tbl案件[案件狀況],"已移送",Tbl案件[歸屬年度],(YEAR(今日)-1911)),0) & " 件"
A13: =" ③ 重點案類：竊盜破獲率 " & TEXT(管制總覽!G9,"0.0%") & " 詐欺破獲率 " & TEXT(管制總覽!M9,"0.0%")
A14: 💊 毒品調驗
A15: =" ① 毒調率：" & TEXT(IFERROR(SUM(Tbl毒調[是否到驗])/COUNTA(Tbl毒調[姓名]),0),"0.0%") & "（目標 " & TEXT(毒調率目標,"0%") & "）"
A16: =" ② 列管 " & COUNTA(Tbl毒調[姓名]) & " 人 完成到驗（含通緝/強採/在監）" & SUM(Tbl毒調[是否到驗]) & " 人"
A17: =" ③ 應強採候選：" & SUM(Tbl毒調[候選旗標]) & " 人未到驗待處理"
A18: 🚦 交通取締
A19: =" ① 總達成率：" & TEXT(IFERROR(交通績效管制!E8,0),"0.0%")
A20: =" ② 達標項數：" & COUNTIF(交通績效管制!D14:D19,">="&0.8) & " ／ 6 項違規"
A21: =" ③ 主要違規：酒駕 " & IFERROR(COUNTIF(Tbl交通[違規項目],"*酒駕*"),0) & " 件 闖紅燈 " & IFERROR(COUNTIF(Tbl交通[違規項目],"*闖紅燈*"),0) & " 件"
A23: ★ 下月行動方案（手動輸入區 — 所長判斷裁示，公式不代生）
A24: 行動 1：（請所長手填，例：本月加強 XX 路段巡邏，目標降低詐欺 X 件）
A25: 行動 2：（請所長手填）
A26: 行動 3：（請所長手填）
A27: 備註：（必要時補充說明）
A29: 🏆 本月 Top 3 員警（公式自動，來源頁 10 績效統計）
A30: 排名 | B30: 員警姓名 | C30: 全般破獲 | D30: 竊盜 | E30: 詐欺 | F30: 毒品 | G30: 暴力犯罪 | H30: 其他
A31: =IFERROR(績效統計!A19,"") | B31: =IFERROR(績效統計!B19,"") | C31: =IFERROR(績效統計!C19,"") | D31: =IFERROR(績效統計!D19,"") | E31: =IFERROR(績效統計!E19,"") | F31: =IFERROR(績效統計!F19,"") | G31: =IFERROR(績效統計!G19,"") | H31: =IFERROR(績效統計!H19,"")
A32: =IFERROR(績效統計!A20,"") | B32: =IFERROR(績效統計!B20,"") | C32: =IFERROR(績效統計!C20,"") | D32: =IFERROR(績效統計!D20,"") | E32: =IFERROR(績效統計!E20,"") | F32: =IFERROR(績效統計!F20,"") | G32: =IFERROR(績效統計!G20,"") | H32: =IFERROR(績效統計!H20,"")
A33: =IFERROR(績效統計!A21,"") | B33: =IFERROR(績效統計!B21,"") | C33: =IFERROR(績效統計!C21,"") | D33: =IFERROR(績效統計!D21,"") | E33: =IFERROR(績效統計!E21,"") | F33: =IFERROR(績效統計!F21,"") | G33: =IFERROR(績效統計!G21,"") | H33: =IFERROR(績效統計!H21,"")
A35: 所長：__________________ 簽章 | E35: 督導官：__________________ 簽章
A36: ="© KKEVIN-LIN-2026-V2.0 ｜ Pyramid Principle 5 分鐘簡報 ｜ A4 直式可獨立交付督導官 ｜ 製表："&TEXT(今日,"e/mm/dd")

Sheet 對上級機關上呈
A1: 📋 對上級機關上呈（公文格式 — 三層動態切換）
A2: =" " & 警察局名稱 & " · " & 分局名稱 & " · " & 派出所名稱 & " ｜ 中華民國 " & (YEAR(今日)-1911) & " 年 " & TEXT(MONTH(今日),"00") & " 月 ｜ 公文體例：三線表 / 官方藍 / 章戳"
A3: 上呈對象： | B3: 對分局 | C3: =CHOOSE(MATCH(B3,{"對分局","對警察局","對警政署"},0),"📂 詳細五領域 KPI ｜ 列印 A4 ×2-3 頁","📂 月報摘要 + 全市比較 ｜ 列印 A4 ×1-2 頁","📂 全國標準格式 ｜ 列印 A4 ×1 頁")
A5: ★ 公文抬頭（依上呈對象動態切換）
A6: =CHOOSE(MATCH(B3,{"對分局","對警察局","對警政署"},0),派出所名稱 & " 中華民國 " & (YEAR(今日)-1911) & " 年 " & TEXT(MONTH(今日),"00") & " 月勤務報告（呈分局）",派出所名稱 & " 中華民國 " & (YEAR(今日)-1911) & " 年 " & TEXT(MONTH(今日),"00") & " 月績效月報（呈警察局）",派出所名稱 & " 中華民國 " & (YEAR(今日)-1911) & " 年 " & TEXT(MONTH(今日),"00") & " 月標準統計（呈警政署）")
A7: 受文者： | C7: =CHOOSE(MATCH(B3,{"對分局","對警察局","對警政署"},0),分局名稱 & " 督導官",警察局名稱 & " 刑事警察大隊","內政部警政署刑事警察局")
A8: 主旨： | C8: =CHOOSE(MATCH(B3,{"對分局","對警察局","對警政署"},0),"呈報本所本月勤務狀況、案件管制、毒調人口、交通取締五大領域 KPI","呈報本所本月績效摘要，並與全市平均比較","呈報本所本月全國統一格式刑案統計")
A10: ★ 主要 KPI（年度累計，SSOT 自動聚合）
A11: 編號 | B11: KPI 項目 | C11: 數值 | E11: 目標 | G11: 達標狀態
A12: 01 | B12: 全般破獲率 | C12: =IFERROR(COUNTIFS(Tbl案件[查獲管轄],"本轄",Tbl案件[是否破獲],"是",Tbl案件[歸屬年度],(YEAR(今日)-1911))/COUNTIFS(Tbl案件[發生管轄],"本轄",Tbl案件[歸屬年度],(YEAR(今日)-1911),Tbl案件[計入發生數],"是"),0) | E12: =0.85 | G12: =IF(IFERROR(C12>=0.85,FALSE),"● 達標","● 未達標")
A13: 02 | B13: 竊盜破獲率 | C13: =管制總覽!G9 | E13: =0.80 | G13: =IF(IFERROR(C13>=0.80,FALSE),"● 達標","● 未達標")
A14: 03 | B14: 詐欺破獲率 | C14: =管制總覽!M9 | E14: =0.60 | G14: =IF(IFERROR(C14>=0.60,FALSE),"● 達標","● 未達標")
A15: 04 | B15: 毒調率 | C15: =管制總覽!A14 | E15: =毒調率目標 | G15: =IF(IFERROR(C15>=毒調率目標,FALSE),"● 達標","● 未達標")
A16: 05 | B16: 未到驗人口 | C16: =管制總覽!G14 | E16: =5 | G16: =IF(IFERROR(C16<=5,FALSE),"● 達標","● 未達標")
A17: 06 | B17: 未破案件 | C17: =管制總覽!M14 | E17: =5 | G17: =IF(IFERROR(C17<=5,FALSE),"● 達標","● 未達標")
A18: 07 | B18: 交通達成率 | C18: =交通績效管制!E8 | E18: =0.80 | G18: =IF(IFERROR(C18>=0.80,FALSE),"● 達標","● 未達標")
A19: 08 | B19: 本所員警在職數 | C19: =COUNTIF(設定表!$D$13:$D$72,"是") | E19: — | G19: ="—"
A21: ★ 必附附件（依上呈對象動態切換）
A22: =CHOOSE(MATCH(B3,{"對分局","對警察局","對警政署"},0)," 附件 1：未破案件明細表（頁 6 列印）"," 附件 1：案類分類統計（頁 10 列印）"," 附件 1：標準破獲率表（頁 2 列印）")
A23: =CHOOSE(MATCH(B3,{"對分局","對警察局","對警政署"},0)," 附件 2：員警勤務統計（頁 10 列印）"," 附件 2：達標未達標項目清單（頁 9 列印）"," 附件 2：列管人口處理（頁 8 列印）")
A24: =CHOOSE(MATCH(B3,{"對分局","對警察局","對警政署"},0)," 附件 3：毒品調驗人口明細（頁 8 列印）"," 附件 3：與全市平均比較表"," 附件 3：違規取締達成統計（頁 9 列印）")
A25: =CHOOSE(MATCH(B3,{"對分局","對警察局","對警政署"},0)," 附件 4：跨期間趨勢分析（頁 12 列印）"," （無）"," （無）")
A27: 發文人：所長 __________________ 簽章 | E27: 收文機關承辦：__________________ 簽章
A28: ="© KKEVIN-LIN-2026-V2.0 ｜ CHOOSE/INDIRECT 動態切換 ｜ 上呈對象：" & B3 & " ｜ 製表："&TEXT(今日,"e/mm/dd")

Sheet 案件資料庫
A1: 📋 案件資料庫
A2: ="📊 容量：" & IFERROR(COUNTA(Tbl案件[編號]),0) & " / 1000 列 ｜ " & IF(COUNTA(Tbl案件[編號])>=950,"🚨 容量即將滿，請立即歸檔",IF(COUNTA(Tbl案件[編號])>=800,"⚠ 已達 80% 容量警戒，建議規劃歸檔","✓ 容量充裕")) & " ｜ 🔒 受保護（密碼：KD2026）"
A4: 💡 新增資料：① 點下方任一空白列 → ② 直接 key 入。 Excel Table 自動擴展。淡黃色 = 可輸入欄位，淡灰色 = 公式自動算（請勿改）
A5: 🔗 SSOT：本表 Tbl案件 是其他頁面公式的資料源。修改後其他頁的 KPI、報告、檢核都會即時更新
A14: 編號 | B14: 案類 | C14: E化案號 | D14: 發生時間 | E14: 發生地點 | F14: 破獲時間 | G14: 破獲地點 | H14: 案情摘要 | I14: 偵辦進度 | J14: 案件狀況 | K14: 發生管轄 | L14: 查獲管轄 | M14: 承辦人 | N14: 備註 | O14: 涉案金額 | P14: 建立日期 | Q14: 建立者 | R14: 是否破獲 | S14: 歸屬年度 | T14: 案類分類 | U14: 是否納入統計 | V14: 主排序鍵 | W14: 績效類別 | X14: 計入發生數 | Y14: 自填案類
R15: =IFERROR(IF(OR([@案件狀況]="已破獲未移送",[@案件狀況]="已移送"),"是","否"),"") | S15: =IFERROR(IF([@發生時間]="","",YEAR([@發生時間])-1911),"") | T15: =IFERROR(INDEX(案類分類清單,MATCH([@案類],案類名稱清單,0)),"") | U15: =IFERROR(INDEX(納入全般清單,MATCH([@案類],案類名稱清單,0)),"否") | V15: =IFERROR([@歸屬年度]*10000+IFERROR(MATCH([@案件狀況],{"尚未偵破","已破獲未移送","已移送","簽結"},0),0)*100+ROW(),0) | X15: =IFERROR(IF([@績效類別]="","是","否"),"是")
R16: =IFERROR(IF(OR([@案件狀況]="已破獲未移送",[@案件狀況]="已移送"),"是","否"),"") | S16: =IFERROR(IF([@發生時間]="","",YEAR([@發生時間])-1911),"") | T16: =IFERROR(INDEX(案類分類清單,MATCH([@案類],案類名稱清單,0)),"") | U16: =IFERROR(INDEX(納入全般清單,MATCH([@案類],案類名稱清單,0)),"否") | V16: =IFERROR([@歸屬年度]*10000+IFERROR(MATCH([@案件狀況],{"尚未偵破","已破獲未移送","已移送","簽結"},0),0)*100+ROW(),0) | X16: =IFERROR(IF([@績效類別]="","是","否"),"是")
R17: =IFERROR(IF(OR([@案件狀況]="已破獲未移送",[@案件狀況]="已移送"),"是","否"),"") | S17: =IFERROR(IF([@發生時間]="","",YEAR([@發生時間])-1911),"") | T17: =IFERROR(INDEX(案類分類清單,MATCH([@案類],案類名稱清單,0)),"") | U17: =IFERROR(INDEX(納入全般清單,MATCH([@案類],案類名稱清單,0)),"否") | V17: =IFERROR([@歸屬年度]*10000+IFERROR(MATCH([@案件狀況],{"尚未偵破","已破獲未移送","已移送","簽結"},0),0)*100+ROW(),0) | X17: =IFERROR(IF([@績效類別]="","是","否"),"是")
R18: =IFERROR(IF(OR([@案件狀況]="已破獲未移送",[@案件狀況]="已移送"),"是","否"),"") | S18: =IFERROR(IF([@發生時間]="","",YEAR([@發生時間])-1911),"") | T18: =IFERROR(INDEX(案類分類清單,MATCH([@案類],案類名稱清單,0)),"") | U18: =IFERROR(INDEX(納入全般清單,MATCH([@案類],案類名稱清單,0)),"否") | V18: =IFERROR([@歸屬年度]*10000+IFERROR(MATCH([@案件狀況],{"尚未偵破","已破獲未移送","已移送","簽結"},0),0)*100+ROW(),0) | X18: =IFERROR(IF([@績效類別]="","是","否"),"是")
R19: =IFERROR(IF(OR([@案件狀況]="已破獲未移送",[@案件狀況]="已移送"),"是","否"),"") | S19: =IFERROR(IF([@發生時間]="","",YEAR([@發生時間])-1911),"") | T19: =IFERROR(INDEX(案類分類清單,MATCH([@案類],案類名稱清單,0)),"") | U19: =IFERROR(INDEX(納入全般清單,MATCH([@案類],案類名稱清單,0)),"否") | V19: =IFERROR([@歸屬年度]*10000+IFERROR(MATCH([@案件狀況],{"尚未偵破","已破獲未移送","已移送","簽結"},0),0)*100+ROW(),0) | X19: =IFERROR(IF([@績效類別]="","是","否"),"是")
R20: =IFERROR(IF(OR([@案件狀況]="已破獲未移送",[@案件狀況]="已移送"),"是","否"),"") | S20: =IFERROR(IF([@發生時間]="","",YEAR([@發生時間])-1911),"") | T20: =IFERROR(INDEX(案類分類清單,MATCH([@案類],案類名稱清單,0)),"") | U20: =IFERROR(INDEX(納入全般清單,MATCH([@案類],案類名稱清單,0)),"否") | V20: =IFERROR([@歸屬年度]*10000+IFERROR(MATCH([@案件狀況],{"尚未偵破","已破獲未移送","已移送","簽結"},0),0)*100+ROW(),0) | X20: =IFERROR(IF([@績效類別]="","是","否"),"是")
R21: =IFERROR(IF(OR([@案件狀況]="已破獲未移送",[@案件狀況]="已移送"),"是","否"),"") | S21: =IFERROR(IF([@發生時間]="","",YEAR([@發生時間])-1911),"") | T21: =IFERROR(INDEX(案類分類清單,MATCH([@案類],案類名稱清單,0)),"") | U21: =IFERROR(INDEX(納入全般清單,MATCH([@案類],案類名稱清單,0)),"否") | V21: =IFERROR([@歸屬年度]*10000+IFERROR(MATCH([@案件狀況],{"尚未偵破","已破獲未移送","已移送","簽結"},0),0)*100+ROW(),0) | X21: =IFERROR(IF([@績效類別]="","是","否"),"是")
R22: =IFERROR(IF(OR([@案件狀況]="已破獲未移送",[@案件狀況]="已移送"),"是","否"),"") | S22: =IFERROR(IF([@發生時間]="","",YEAR([@發生時間])-1911),"") | T22: =IFERROR(INDEX(案類分類清單,MATCH([@案類],案類名稱清單,0)),"") | U22: =IFERROR(INDEX(納入全般清單,MATCH([@案類],案類名稱清單,0)),"否") | V22: =IFERROR([@歸屬年度]*10000+IFERROR(MATCH([@案件狀況],{"尚未偵破","已破獲未移送","已移送","簽結"},0),0)*100+ROW(),0) | X22: =IFERROR(IF([@績效類別]="","是","否"),"是")
R23: =IFERROR(IF(OR([@案件狀況]="已破獲未移送",[@案件狀況]="已移送"),"是","否"),"") | S23: =IFERROR(IF([@發生時間]="","",YEAR([@發生時間])-1911),"") | T23: =IFERROR(INDEX(案類分類清單,MATCH([@案類],案類名稱清單,0)),"") | U23: =IFERROR(INDEX(納入全般清單,MATCH([@案類],案類名稱清單,0)),"否") | V23: =IFERROR([@歸屬年度]*10000+IFERROR(MATCH([@案件狀況],{"尚未偵破","已破獲未移送","已移送","簽結"},0),0)*100+ROW(),0) | X23: =IFERROR(IF([@績效類別]="","是","否"),"是")
R24: =IFERROR(IF(OR([@案件狀況]="已破獲未移送",[@案件狀況]="已移送"),"是","否"),"") | S24: =IFERROR(IF([@發生時間]="","",YEAR([@發生時間])-1911),"") | T24: =IFERROR(INDEX(案類分類清單,MATCH([@案類],案類名稱清單,0)),"") | U24: =IFERROR(INDEX(納入全般清單,MATCH([@案類],案類名稱清單,0)),"否") | V24: =IFERROR([@歸屬年度]*10000+IFERROR(MATCH([@案件狀況],{"尚未偵破","已破獲未移送","已移送","簽結"},0),0)*100+ROW(),0) | X24: =IFERROR(IF([@績效類別]="","是","否"),"是")
R25: =IFERROR(IF(OR([@案件狀況]="已破獲未移送",[@案件狀況]="已移送"),"是","否"),"") | S25: =IFERROR(IF([@發生時間]="","",YEAR([@發生時間])-1911),"") | T25: =IFERROR(INDEX(案類分類清單,MATCH([@案類],案類名稱清單,0)),"") | U25: =IFERROR(INDEX(納入全般清單,MATCH([@案類],案類名稱清單,0)),"否") | V25: =IFERROR([@歸屬年度]*10000+IFERROR(MATCH([@案件狀況],{"尚未偵破","已破獲未移送","已移送","簽結"},0),0)*100+ROW(),0) | X25: =IFERROR(IF([@績效類別]="","是","否"),"是")
R26: =IFERROR(IF(OR([@案件狀況]="已破獲未移送",[@案件狀況]="已移送"),"是","否"),"") | S26: =IFERROR(IF([@發生時間]="","",YEAR([@發生時間])-1911),"") | T26: =IFERROR(INDEX(案類分類清單,MATCH([@案類],案類名稱清單,0)),"") | U26: =IFERROR(INDEX(納入全般清單,MATCH([@案類],案類名稱清單,0)),"否") | V26: =IFERROR([@歸屬年度]*10000+IFERROR(MATCH([@案件狀況],{"尚未偵破","已破獲未移送","已移送","簽結"},0),0)*100+ROW(),0) | X26: =IFERROR(IF([@績效類別]="","是","否"),"是")
... R218: =IFERROR(IF(OR([@案件狀況]="已破獲未移送",[@案件狀況]="已移送"),"是","否"),"") | S218: =IFERROR(IF([@發生時間]="","",YEAR([@發生時間])-1911),"") | T218: =IFERROR(INDEX(案類分類清單,MATCH([@案類],案類名稱清單,0)),"") | U218: =IFERROR(INDEX(納入全般清單,MATCH([@案類],案類名稱清單,0)),"否") | V218: =IFERROR([@歸屬年度]*10000+IFERROR(MATCH([@案件狀況],{"尚未偵破","已破獲未移送","已移送","簽結"},0),0)*100+ROW(),0) | X218: =IFERROR(IF([@績效類別]="","是","否"),"是")

Sheet 刑案管制
A1: 🔍 刑案管制（兩區段並呈：尚未偵破 + 已破獲未移送）
A2: =" "&警察局名稱&" · "&分局名稱&" · "&派出所名稱&" ｜ 中華民國 "&(YEAR(今日)-1911)&" 年累計（截至 "&TEXT(今日,"mm/dd")&"）｜ 資料源：Tbl案件 (SSOT)"
A4: ="📌 派出所主管兩階段：尚未偵破（要破）+ 已破獲未移送（催偵查隊）｜ 已移送屬地檢端不在此清單細列"
A5: ● 尚未偵破 | C5: ➜ | D5: ● 已破獲未移送 | F5: ➜ | G5: ● 已移送（地檢）
A7: ="🔴 尚未偵破："&IFERROR(COUNTIFS(Tbl案件[案件狀況],"尚未偵破",Tbl案件[發生管轄],"本轄",Tbl案件[歸屬年度],(YEAR(今日)-1911)),0)&" 件" | D7: ="🟡 已破獲未移送："&IFERROR(COUNTIFS(Tbl案件[案件狀況],"已破獲未移送",Tbl案件[查獲管轄],"本轄",Tbl案件[歸屬年度],(YEAR(今日)-1911)),0)&" 件" | G7: ="✓ 已移送（地檢）："&IFERROR(COUNTIFS(Tbl案件[案件狀況],"已移送",Tbl案件[查獲管轄],"本轄",Tbl案件[歸屬年度],(YEAR(今日)-1911)),0)&" 件"
A9: =" 🔴 尚未偵破清單（"&IFERROR(COUNTIFS(Tbl案件[案件狀況],"尚未偵破",Tbl案件[發生管轄],"本轄",Tbl案件[歸屬年度],(YEAR(今日)-1911)),0)&" 件，最多顯示前 15 件）"
A10: 編號 | B10: 案類 | C10: 發生時間 | D10: 發生地 | E10: 破獲時間 | F10: 案件狀況 | G10: 偵辦進度 | H10: 承辦人 | I10: 備註
A11: =IFERROR(INDEX(Tbl案件[編號],MATCH(1,$S$100:$S$299,0)),"") | B11: =IFERROR(INDEX(Tbl案件[案類],MATCH(1,$S$100:$S$299,0)),"") | C11: =IFERROR(INDEX(Tbl案件[發生時間],MATCH(1,$S$100:$S$299,0)),"") | D11: =IFERROR(INDEX(Tbl案件[發生地點],MATCH(1,$S$100:$S$299,0)),"") | E11: =IFERROR(INDEX(Tbl案件[破獲時間],MATCH(1,$S$100:$S$299,0)),"") | F11: =IFERROR(INDEX(Tbl案件[案件狀況],MATCH(1,$S$100:$S$299,0)),"") | G11: =IFERROR(INDEX(Tbl案件[偵辦進度],MATCH(1,$S$100:$S$299,0)),"") | H11: =IFERROR(INDEX(Tbl案件[承辦人],MATCH(1,$S$100:$S$299,0)),"") | I11: =IFERROR(INDEX(Tbl案件[備註],MATCH(1,$S$100:$S$299,0)),"")
A12: =IFERROR(INDEX(Tbl案件[編號],MATCH(2,$S$100:$S$299,0)),"") | B12: =IFERROR(INDEX(Tbl案件[案類],MATCH(2,$S$100:$S$299,0)),"") | C12: =IFERROR(INDEX(Tbl案件[發生時間],MATCH(2,$S$100:$S$299,0)),"") | D12: =IFERROR(INDEX(Tbl案件[發生地點],MATCH(2,$S$100:$S$299,0)),"") | E12: =IFERROR(INDEX(Tbl案件[破獲時間],MATCH(2,$S$100:$S$299,0)),"") | F12: =IFERROR(INDEX(Tbl案件[案件狀況],MATCH(2,$S$100:$S$299,0)),"") | G12: =IFERROR(INDEX(Tbl案件[偵辦進度],MATCH(2,$S$100:$S$299,0)),"") | H12: =IFERROR(INDEX(Tbl案件[承辦人],MATCH(2,$S$100:$S$299,0)),"") | I12: =IFERROR(INDEX(Tbl案件[備註],MATCH(2,$S$100:$S$299,0)),"")
A13: =IFERROR(INDEX(Tbl案件[編號],MATCH(3,$S$100:$S$299,0)),"") | B13: =IFERROR(INDEX(Tbl案件[案類],MATCH(3,$S$100:$S$299,0)),"") | C13: =IFERROR(INDEX(Tbl案件[發生時間],MATCH(3,$S$100:$S$299,0)),"") | D13: =IFERROR(INDEX(Tbl案件[發生地點],MATCH(3,$S$100:$S$299,0)),"") | E13: =IFERROR(INDEX(Tbl案件[破獲時間],MATCH(3,$S$100:$S$299,0)),"") | F13: =IFERROR(INDEX(Tbl案件[案件狀況],MATCH(3,$S$100:$S$299,0)),"") | G13: =IFERROR(INDEX(Tbl案件[偵辦進度],MATCH(3,$S$100:$S$299,0)),"") | H13: =IFERROR(INDEX(Tbl案件[承辦人],MATCH(3,$S$100:$S$299,0)),"") | I13: =IFERROR(INDEX(Tbl案件[備註],MATCH(3,$S$100:$S$299,0)),"")
A14: =IFERROR(INDEX(Tbl案件[編號],MATCH(4,$S$100:$S$299,0)),"") | B14: =IFERROR(INDEX(Tbl案件[案類],MATCH(4,$S$100:$S$299,0)),"") | C14: =IFERROR(INDEX(Tbl案件[發生時間],MATCH(4,$S$100:$S$299,0)),"") | D14: =IFERROR(INDEX(Tbl案件[發生地點],MATCH(4,$S$100:$S$299,0)),"") | E14: =IFERROR(INDEX(Tbl案件[破獲時間],MATCH(4,$S$100:$S$299,0)),"") | F14: =IFERROR(INDEX(Tbl案件[案件狀況],MATCH(4,$S$100:$S$299,0)),"") | G14: =IFERROR(INDEX(Tbl案件[偵辦進度],MATCH(4,$S$100:$S$299,0)),"") | H14: =IFERROR(INDEX(Tbl案件[承辦人],MATCH(4,$S$100:$S$299,0)),"") | I14: =IFERROR(INDEX(Tbl案件[備註],MATCH(4,$S$100:$S$299,0)),"")
A15: =IFERROR(INDEX(Tbl案件[編號],MATCH(5,$S$100:$S$299,0)),"") | B15: =IFERROR(INDEX(Tbl案件[案類],MATCH(5,$S$100:$S$299,0)),"") | C15: =IFERROR(INDEX(Tbl案件[發生時間],MATCH(5,$S$100:$S$299,0)),"") | D15: =IFERROR(INDEX(Tbl案件[發生地點],MATCH(5,$S$100:$S$299,0)),"") | E15: =IFERROR(INDEX(Tbl案件[破獲時間],MATCH(5,$S$100:$S$299,0)),"") | F15: =IFERROR(INDEX(Tbl案件[案件狀況],MATCH(5,$S$100:$S$299,0)),"") | G15: =IFERROR(INDEX(Tbl案件[偵辦進度],MATCH(5,$S$100:$S$299,0)),"") | H15: =IFERROR(INDEX(Tbl案件[承辦人],MATCH(5,$S$100:$S$299,0)),"") | I15: =IFERROR(INDEX(Tbl案件[備註],MATCH(5,$S$100:$S$299,0)),"")
A16: =IFERROR(INDEX(Tbl案件[編號],MATCH(6,$S$100:$S$299,0)),"") | B16: =IFERROR(INDEX(Tbl案件[案類],MATCH(6,$S$100:$S$299,0)),"") | C16: =IFERROR(INDEX(Tbl案件[發生時間],MATCH(6,$S$100:$S$299,0)),"") | D16: =IFERROR(INDEX(Tbl案件[發生地點],MATCH(6,$S$100:$S$299,0)),"") | E16: =IFERROR(INDEX(Tbl案件[破獲時間],MATCH(6,$S$100:$S$299,0)),"") | F16: =IFERROR(INDEX(Tbl案件[案件狀況],MATCH(6,$S$100:$S$299,0)),"") | G16: =IFERROR(INDEX(Tbl案件[偵辦進度],MATCH(6,$S$100:$S$299,0)),"") | H16: =IFERROR(INDEX(Tbl案件[承辦人],MATCH(6,$S$100:$S$299,0)),"") | I16: =IFERROR(INDEX(Tbl案件[備註],MATCH(6,$S$100:$S$299,0)),"")
A17: =IFERROR(INDEX(Tbl案件[編號],MATCH(7,$S$100:$S$299,0)),"") | B17: =IFERROR(INDEX(Tbl案件[案類],MATCH(7,$S$100:$S$299,0)),"") | C17: =IFERROR(INDEX(Tbl案件[發生時間],MATCH(7,$S$100:$S$299,0)),"") | D17: =IFERROR(INDEX(Tbl案件[發生地點],MATCH(7,$S$100:$S$299,0)),"") | E17: =IFERROR(INDEX(Tbl案件[破獲時間],MATCH(7,$S$100:$S$299,0)),"") | F17: =IFERROR(INDEX(Tbl案件[案件狀況],MATCH(7,$S$100:$S$299,0)),"") | G17: =IFERROR(INDEX(Tbl案件[偵辦進度],MATCH(7,$S$100:$S$299,0)),"") | H17: =IFERROR(INDEX(Tbl案件[承辦人],MATCH(7,$S$100:$S$299,0)),"") | I17: =IFERROR(INDEX(Tbl案件[備註],MATCH(7,$S$100:$S$299,0)),"")
A18: =IFERROR(INDEX(Tbl案件[編號],MATCH(8,$S$100:$S$299,0)),"") | B18: =IFERROR(INDEX(Tbl案件[案類],MATCH(8,$S$100:$S$299,0)),"") | C18: =IFERROR(INDEX(Tbl案件[發生時間],MATCH(8,$S$100:$S$299,0)),"") | D18: =IFERROR(INDEX(Tbl案件[發生地點],MATCH(8,$S$100:$S$299,0)),"") | E18: =IFERROR(INDEX(Tbl案件[破獲時間],MATCH(8,$S$100:$S$299,0)),"") | F18: =IFERROR(INDEX(Tbl案件[案件狀況],MATCH(8,$S$100:$S$299,0)),"") | G18: =IFERROR(INDEX(Tbl案件[偵辦進度],MATCH(8,$S$100:$S$299,0)),"") | H18: =IFERROR(INDEX(Tbl案件[承辦人],MATCH(8,$S$100:$S$299,0)),"") | I18: =IFERROR(INDEX(Tbl案件[備註],MATCH(8,$S$100:$S$299,0)),"")
A19: =IFERROR(INDEX(Tbl案件[編號],MATCH(9,$S$100:$S$299,0)),"") | B19: =IFERROR(INDEX(Tbl案件[案類],MATCH(9,$S$100:$S$299,0)),"") | C19: =IFERROR(INDEX(Tbl案件[發生時間],MATCH(9,$S$100:$S$299,0)),"") | D19: =IFERROR(INDEX(Tbl案件[發生地點],MATCH(9,$S$100:$S$299,0)),"") | E19: =IFERROR(INDEX(Tbl案件[破獲時間],MATCH(9,$S$100:$S$299,0)),"") | F19: =IFERROR(INDEX(Tbl案件[案件狀況],MATCH(9,$S$100:$S$299,0)),"") | G19: =IFERROR(INDEX(Tbl案件[偵辦進度],MATCH(9,$S$100:$S$299,0)),"") | H19: =IFERROR(INDEX(Tbl案件[承辦人],MATCH(9,$S$100:$S$299,0)),"") | I19: =IFERROR(INDEX(Tbl案件[備註],MATCH(9,$S$100:$S$299,0)),"")
A20: =IFERROR(INDEX(Tbl案件[編號],MATCH(10,$S$100:$S$299,0)),"") | B20: =IFERROR(INDEX(Tbl案件[案類],MATCH(10,$S$100:$S$299,0)),"") | C20: =IFERROR(INDEX(Tbl案件[發生時間],MATCH(10,$S$100:$S$299,0)),"") | D20: =IFERROR(INDEX(Tbl案件[發生地點],MATCH(10,$S$100:$S$299,0)),"") | E20: =IFERROR(INDEX(Tbl案件[破獲時間],MATCH(10,$S$100:$S$299,0)),"") | F20: =IFERROR(INDEX(Tbl案件[案件狀況],MATCH(10,$S$100:$S$299,0)),"") | G20: =IFERROR(INDEX(Tbl案件[偵辦進度],MATCH(10,$S$100:$S$299,0)),"") | H20: =IFERROR(INDEX(Tbl案件[承辦人],MATCH(10,$S$100:$S$299,0)),"") | I20: =IFERROR(INDEX(Tbl案件[備註],MATCH(10,$S$100:$S$299,0)),"")
A21: =IFERROR(INDEX(Tbl案件[編號],MATCH(11,$S$100:$S$299,0)),"") | B21: =IFERROR(INDEX(Tbl案件[案類],MATCH(11,$S$100:$S$299,0)),"") | C21: =IFERROR(INDEX(Tbl案件[發生時間],MATCH(11,$S$100:$S$299,0)),"") | D21: =IFERROR(INDEX(Tbl案件[發生地點],MATCH(11,$S$100:$S$299,0)),"") | E21: =IFERROR(INDEX(Tbl案件[破獲時間],MATCH(11,$S$100:$S$299,0)),"") | F21: =IFERROR(INDEX(Tbl案件[案件狀況],MATCH(11,$S$100:$S$299,0)),"") | G21: =IFERROR(INDEX(Tbl案件[偵辦進度],MATCH(11,$S$100:$S$299,0)),"") | H21: =IFERROR(INDEX(Tbl案件[承辦人],MATCH(11,$S$100:$S$299,0)),"") | I21: =IFERROR(INDEX(Tbl案件[備註],MATCH(11,$S$100:$S$299,0)),"")
A22: =IFERROR(INDEX(Tbl案件[編號],MATCH(12,$S$100:$S$299,0)),"") | B22: =IFERROR(INDEX(Tbl案件[案類],MATCH(12,$S$100:$S$299,0)),"") | C22: =IFERROR(INDEX(Tbl案件[發生時間],MATCH(12,$S$100:$S$299,0)),"") | D22: =IFERROR(INDEX(Tbl案件[發生地點],MATCH(12,$S$100:$S$299,0)),"") | E22: =IFERROR(INDEX(Tbl案件[破獲時間],MATCH(12,$S$100:$S$299,0)),"") | F22: =IFERROR(INDEX(Tbl案件[案件狀況],MATCH(12,$S$100:$S$299,0)),"") | G22: =IFERROR(INDEX(Tbl案件[偵辦進度],MATCH(12,$S$100:$S$299,0)),"") | H22: =IFERROR(INDEX(Tbl案件[承辦人],MATCH(12,$S$100:$S$299,0)),"") | I22: =IFERROR(INDEX(Tbl案件[備註],MATCH(12,$S$100:$S$299,0)),"")
A23: =IFERROR(INDEX(Tbl案件[編號],MATCH(13,$S$100:$S$299,0)),"") | B23: =IFERROR(INDEX(Tbl案件[案類],MATCH(13,$S$100:$S$299,0)),"") | C23: =IFERROR(INDEX(Tbl案件[發生時間],MATCH(13,$S$100:$S$299,0)),"") | D23: =IFERROR(INDEX(Tbl案件[發生地點],MATCH(13,$S$100:$S$299,0)),"") | E23: =IFERROR(INDEX(Tbl案件[破獲時間],MATCH(13,$S$100:$S$299,0)),"") | F23: =IFERROR(INDEX(Tbl案件[案件狀況],MATCH(13,$S$100:$S$299,0)),"") | G23: =IFERROR(INDEX(Tbl案件[偵辦進度],MATCH(13,$S$100:$S$299,0)),"") | H23: =IFERROR(INDEX(Tbl案件[承辦人],MATCH(13,$S$100:$S$299,0)),"") | I23: =IFERROR(INDEX(Tbl案件[備註],MATCH(13,$S$100:$S$299,0)),"")
A24: =IFERROR(INDEX(Tbl案件[編號],MATCH(14,$S$100:$S$299,0)),"") | B24: =IFERROR(INDEX(Tbl案件[案類],MATCH(14,$S$100:$S$299,0)),"") | C24: =IFERROR(INDEX(Tbl案件[發生時間],MATCH(14,$S$100:$S$299,0)),"") | D24: =IFERROR(INDEX(Tbl案件[發生地點],MATCH(14,$S$100:$S$299,0)),"") | E24: =IFERROR(INDEX(Tbl案件[破獲時間],MATCH(14,$S$100:$S$299,0)),"") | F24: =IFERROR(INDEX(Tbl案件[案件狀況],MATCH(14,$S$100:$S$299,0)),"") | G24: =IFERROR(INDEX(Tbl案件[偵辦進度],MATCH(14,$S$100:$S$299,0)),"") | H24: =IFERROR(INDEX(Tbl案件[承辦人],MATCH(14,$S$100:$S$299,0)),"") | I24: =IFERROR(INDEX(Tbl案件[備註],MATCH(14,$S$100:$S$299,0)),"")
A25: =IFERROR(INDEX(Tbl案件[編號],MATCH(15,$S$100:$S$299,0)),"") | B25: =IFERROR(INDEX(Tbl案件[案類],MATCH(15,$S$100:$S$299,0)),"") | C25: =IFERROR(INDEX(Tbl案件[發生時間],MATCH(15,$S$100:$S$299,0)),"") | D25: =IFERROR(INDEX(Tbl案件[發生地點],MATCH(15,$S$100:$S$299,0)),"") | E25: =IFERROR(INDEX(Tbl案件[破獲時間],MATCH(15,$S$100:$S$299,0)),"") | F25: =IFERROR(INDEX(Tbl案件[案件狀況],MATCH(15,$S$100:$S$299,0)),"") | G25: =IFERROR(INDEX(Tbl案件[偵辦進度],MATCH(15,$S$100:$S$299,0)),"") | H25: =IFERROR(INDEX(Tbl案件[承辦人],MATCH(15,$S$100:$S$299,0)),"") | I25: =IFERROR(INDEX(Tbl案件[備註],MATCH(15,$S$100:$S$299,0)),"")
A27: =" 🟡 已破獲未移送清單（"&IFERROR(COUNTIFS(Tbl案件[案件狀況],"已破獲未移送",Tbl案件[查獲管轄],"本轄",Tbl案件[歸屬年度],(YEAR(今日)-1911)),0)&" 件，最多顯示前 15 件，需催偵查隊）"
A28: 編號 | B28: 案類 | C28: 發生時間 | D28: 發生地 | E28: 破獲時間 | F28: 案件狀況 | G28: 偵辦進度 | H28: 承辦人 | I28: 備註
A29: =IFERROR(INDEX(Tbl案件[編號],MATCH(1,$U$100:$U$299,0)),"") | B29: =IFERROR(INDEX(Tbl案件[案類],MATCH(1,$U$100:$U$299,0)),"") | C29: =IFERROR(INDEX(Tbl案件[發生時間],MATCH(1,$U$100:$U$299,0)),"") | D29: =IFERROR(INDEX(Tbl案件[發生地點],MATCH(1,$U$100:$U$299,0)),"") | E29: =IFERROR(INDEX(Tbl案件[破獲時間],MATCH(1,$U$100:$U$299,0)),"") | F29: =IFERROR(INDEX(Tbl案件[案件狀況],MATCH(1,$U$100:$U$299,0)),"") | G29: =IFERROR(INDEX(Tbl案件[偵辦進度],MATCH(1,$U$100:$U$299,0)),"") | H29: =IFERROR(INDEX(Tbl案件[承辦人],MATCH(1,$U$100:$U$299,0)),"") | I29: =IFERROR(INDEX(Tbl案件[備註],MATCH(1,$U$100:$U$299,0)),"")
A30: =IFERROR(INDEX(Tbl案件[編號],MATCH(2,$U$100:$U$299,0)),"") | B30: =IFERROR(INDEX(Tbl案件[案類],MATCH(2,$U$100:$U$299,0)),"") | C30: =IFERROR(INDEX(Tbl案件[發生時間],MATCH(2,$U$100:$U$299,0)),"") | D30: =IFERROR(INDEX(Tbl案件[發生地點],MATCH(2,$U$100:$U$299,0)),"") | E30: =IFERROR(INDEX(Tbl案件[破獲時間],MATCH(2,$U$100:$U$299,0)),"") | F30: =IFERROR(INDEX(Tbl案件[案件狀況],MATCH(2,$U$100:$U$299,0)),"") | G30: =IFERROR(INDEX(Tbl案件[偵辦進度],MATCH(2,$U$100:$U$299,0)),"") | H30: =IFERROR(INDEX(Tbl案件[承辦人],MATCH(2,$U$100:$U$299,0)),"") | I30: =IFERROR(INDEX(Tbl案件[備註],MATCH(2,$U$100:$U$299,0)),"")
A31: =IFERROR(INDEX(Tbl案件[編號],MATCH(3,$U$100:$U$299,0)),"") | B31: =IFERROR(INDEX(Tbl案件[案類],MATCH(3,$U$100:$U$299,0)),"") | C31: =IFERROR(INDEX(Tbl案件[發生時間],MATCH(3,$U$100:$U$299,0)),"") | D31: =IFERROR(INDEX(Tbl案件[發生地點],MATCH(3,$U$100:$U$299,0)),"") | E31: =IFERROR(INDEX(Tbl案件[破獲時間],MATCH(3,$U$100:$U$299,0)),"") | F31: =IFERROR(INDEX(Tbl案件[案件狀況],MATCH(3,$U$100:$U$299,0)),"") | G31: =IFERROR(INDEX(Tbl案件[偵辦進度],MATCH(3,$U$100:$U$299,0)),"") | H31: =IFERROR(INDEX(Tbl案件[承辦人],MATCH(3,$U$100:$U$299,0)),"") | I31: =IFERROR(INDEX(Tbl案件[備註],MATCH(3,$U$100:$U$299,0)),"")
A32: =IFERROR(INDEX(Tbl案件[編號],MATCH(4,$U$100:$U$299,0)),"") | B32: =IFERROR(INDEX(Tbl案件[案類],MATCH(4,$U$100:$U$299,0)),"") | C32: =IFERROR(INDEX(Tbl案件[發生時間],MATCH(4,$U$100:$U$299,0)),"") | D32: =IFERROR(INDEX(Tbl案件[發生地點],MATCH(4,$U$100:$U$299,0)),"") | E32: =IFERROR(INDEX(Tbl案件[破獲時間],MATCH(4,$U$100:$U$299,0)),"") | F32: =IFERROR(INDEX(Tbl案件[案件狀況],MATCH(4,$U$100:$U$299,0)),"") | G32: =IFERROR(INDEX(Tbl案件[偵辦進度],MATCH(4,$U$100:$U$299,0)),"") | H32: =IFERROR(INDEX(Tbl案件[承辦人],MATCH(4,$U$100:$U$299,0)),"") | I32: =IFERROR(INDEX(Tbl案件[備註],MATCH(4,$U$100:$U$299,0)),"")
A33: =IFERROR(INDEX(Tbl案件[編號],MATCH(5,$U$100:$U$299,0)),"") | B33: =IFERROR(INDEX(Tbl案件[案類],MATCH(5,$U$100:$U$299,0)),"") | C33: =IFERROR(INDEX(Tbl案件[發生時間],MATCH(5,$U$100:$U$299,0)),"") | D33: =IFERROR(INDEX(Tbl案件[發生地點],MATCH(5,$U$100:$U$299,0)),"") | E33: =IFERROR(INDEX(Tbl案件[破獲時間],MATCH(5,$U$100:$U$299,0)),"") | F33: =IFERROR(INDEX(Tbl案件[案件狀況],MATCH(5,$U$100:$U$299,0)),"") | G33: =IFERROR(INDEX(Tbl案件[偵辦進度],MATCH(5,$U$100:$U$299,0)),"") | H33: =IFERROR(INDEX(Tbl案件[承辦人],MATCH(5,$U$100:$U$299,0)),"") | I33: =IFERROR(INDEX(Tbl案件[備註],MATCH(5,$U$100:$U$299,0)),"")
A34: =IFERROR(INDEX(Tbl案件[編號],MATCH(6,$U$100:$U$299,0)),"") | B34: =IFERROR(INDEX(Tbl案件[案類],MATCH(6,$U$100:$U$299,0)),"") | C34: =IFERROR(INDEX(Tbl案件[發生時間],MATCH(6,$U$100:$U$299,0)),"") | D34: =IFERROR(INDEX(Tbl案件[發生地點],MATCH(6,$U$100:$U$299,0)),"") | E34: =IFERROR(INDEX(Tbl案件[破獲時間],MATCH(6,$U$100:$U$299,0)),"") | F34: =IFERROR(INDEX(Tbl案件[案件狀況],MATCH(6,$U$100:$U$299,0)),"") | G34: =IFERROR(INDEX(Tbl案件[偵辦進度],MATCH(6,$U$100:$U$299,0)),"") | H34: =IFERROR(INDEX(Tbl案件[承辦人],MATCH(6,$U$100:$U$299,0)),"") | I34: =IFERROR(INDEX(Tbl案件[備註],MATCH(6,$U$100:$U$299,0)),"")
A35: =IFERROR(INDEX(Tbl案件[編號],MATCH(7,$U$100:$U$299,0)),"") | B35: =IFERROR(INDEX(Tbl案件[案類],MATCH(7,$U$100:$U$299,0)),"") | C35: =IFERROR(INDEX(Tbl案件[發生時間],MATCH(7,$U$100:$U$299,0)),"") | D35: =IFERROR(INDEX(Tbl案件[發生地點],MATCH(7,$U$100:$U$299,0)),"") | E35: =IFERROR(INDEX(Tbl案件[破獲時間],MATCH(7,$U$100:$U$299,0)),"") | F35: =IFERROR(INDEX(Tbl案件[案件狀況],MATCH(7,$U$100:$U$299,0)),"") | G35: =IFERROR(INDEX(Tbl案件[偵辦進度],MATCH(7,$U$100:$U$299,0)),"") | H35: =IFERROR(INDEX(Tbl案件[承辦人],MATCH(7,$U$100:$U$299,0)),"") | I35: =IFERROR(INDEX(Tbl案件[備註],MATCH(7,$U$100:$U$299,0)),"")
A36: =IFERROR(INDEX(Tbl案件[編號],MATCH(8,$U$100:$U$299,0)),"") | B36: =IFERROR(INDEX(Tbl案件[案類],MATCH(8,$U$100:$U$299,0)),"") | C36: =IFERROR(INDEX(Tbl案件[發生時間],MATCH(8,$U$100:$U$299,0)),"") | D36: =IFERROR(INDEX(Tbl案件[發生地點],MATCH(8,$U$100:$U$299,0)),"") | E36: =IFERROR(INDEX(Tbl案件[破獲時間],MATCH(8,$U$100:$U$299,0)),"") | F36: =IFERROR(INDEX(Tbl案件[案件狀況],MATCH(8,$U$100:$U$299,0)),"") | G36: =IFERROR(INDEX(Tbl案件[偵辦進度],MATCH(8,$U$100:$U$299,0)),"") | H36: =IFERROR(INDEX(Tbl案件[承辦人],MATCH(8,$U$100:$U$299,0)),"") | I36: =IFERROR(INDEX(Tbl案件[備註],MATCH(8,$U$100:$U$299,0)),"")
A37: =IFERROR(INDEX(Tbl案件[編號],MATCH(9,$U$100:$U$299,0)),"") | B37: =IFERROR(INDEX(Tbl案件[案類],MATCH(9,$U$100:$U$299,0)),"") | C37: =IFERROR(INDEX(Tbl案件[發生時間],MATCH(9,$U$100:$U$299,0)),"") | D37: =IFERROR(INDEX(Tbl案件[發生地點],MATCH(9,$U$100:$U$299,0)),"") | E37: =IFERROR(INDEX(Tbl案件[破獲時間],MATCH(9,$U$100:$U$299,0)),"") | F37: =IFERROR(INDEX(Tbl案件[案件狀況],MATCH(9,$U$100:$U$299,0)),"") | G37: =IFERROR(INDEX(Tbl案件[偵辦進度],MATCH(9,$U$100:$U$299,0)),"") | H37: =IFERROR(INDEX(Tbl案件[承辦人],MATCH(9,$U$100:$U$299,0)),"") | I37: =IFERROR(INDEX(Tbl案件[備註],MATCH(9,$U$100:$U$299,0)),"")
A38: =IFERROR(INDEX(Tbl案件[編號],MATCH(10,$U$100:$U$299,0)),"") | B38: =IFERROR(INDEX(Tbl案件[案類],MATCH(10,$U$100:$U$299,0)),"") | C38: =IFERROR(INDEX(Tbl案件[發生時間],MATCH(10,$U$100:$U$299,0)),"") | D38: =IFERROR(INDEX(Tbl案件[發生地點],MATCH(10,$U$100:$U$299,0)),"") | E38: =IFERROR(INDEX(Tbl案件[破獲時間],MATCH(10,$U$100:$U$299,0)),"") | F38: =IFERROR(INDEX(Tbl案件[案件狀況],MATCH(10,$U$100:$U$299,0)),"") | G38: =IFERROR(INDEX(Tbl案件[偵辦進度],MATCH(10,$U$100:$U$299,0)),"") | H38: =IFERROR(INDEX(Tbl案件[承辦人],MATCH(10,$U$100:$U$299,0)),"") | I38: =IFERROR(INDEX(Tbl案件[備註],MATCH(10,$U$100:$U$299,0)),"")
A39: =IFERROR(INDEX(Tbl案件[編號],MATCH(11,$U$100:$U$299,0)),"") | B39: =IFERROR(INDEX(Tbl案件[案類],MATCH(11,$U$100:$U$299,0)),"") | C39: =IFERROR(INDEX(Tbl案件[發生時間],MATCH(11,$U$100:$U$299,0)),"") | D39: =IFERROR(INDEX(Tbl案件[發生地點],MATCH(11,$U$100:$U$299,0)),"") | E39: =IFERROR(INDEX(Tbl案件[破獲時間],MATCH(11,$U$100:$U$299,0)),"") | F39: =IFERROR(INDEX(Tbl案件[案件狀況],MATCH(11,$U$100:$U$299,0)),"") | G39: =IFERROR(INDEX(Tbl案件[偵辦進度],MATCH(11,$U$100:$U$299,0)),"") | H39: =IFERROR(INDEX(Tbl案件[承辦人],MATCH(11,$U$100:$U$299,0)),"") | I39: =IFERROR(INDEX(Tbl案件[備註],MATCH(11,$U$100:$U$299,0)),"")
A40: =IFERROR(INDEX(Tbl案件[編號],MATCH(12,$U$100:$U$299,0)),"") | B40: =IFERROR(INDEX(Tbl案件[案類],MATCH(12,$U$100:$U$299,0)),"") | C40: =IFERROR(INDEX(Tbl案件[發生時間],MATCH(12,$U$100:$U$299,0)),"") | D40: =IFERROR(INDEX(Tbl案件[發生地點],MATCH(12,$U$100:$U$299,0)),"") | E40: =IFERROR(INDEX(Tbl案件[破獲時間],MATCH(12,$U$100:$U$299,0)),"") | F40: =IFERROR(INDEX(Tbl案件[案件狀況],MATCH(12,$U$100:$U$299,0)),"") | G40: =IFERROR(INDEX(Tbl案件[偵辦進度],MATCH(12,$U$100:$U$299,0)),"") | H40: =IFERROR(INDEX(Tbl案件[承辦人],MATCH(12,$U$100:$U$299,0)),"") | I40: =IFERROR(INDEX(Tbl案件[備註],MATCH(12,$U$100:$U$299,0)),"")
A41: =IFERROR(INDEX(Tbl案件[編號],MATCH(13,$U$100:$U$299,0)),"") | B41: =IFERROR(INDEX(Tbl案件[案類],MATCH(13,$U$100:$U$299,0)),"") | C41: =IFERROR(INDEX(Tbl案件[發生時間],MATCH(13,$U$100:$U$299,0)),"") | D41: =IFERROR(INDEX(Tbl案件[發生地點],MATCH(13,$U$100:$U$299,0)),"") | E41: =IFERROR(INDEX(Tbl案件[破獲時間],MATCH(13,$U$100:$U$299,0)),"") | F41: =IFERROR(INDEX(Tbl案件[案件狀況],MATCH(13,$U$100:$U$299,0)),"") | G41: =IFERROR(INDEX(Tbl案件[偵辦進度],MATCH(13,$U$100:$U$299,0)),"") | H41: =IFERROR(INDEX(Tbl案件[承辦人],MATCH(13,$U$100:$U$299,0)),"") | I41: =IFERROR(INDEX(Tbl案件[備註],MATCH(13,$U$100:$U$299,0)),"")
A42: =IFERROR(INDEX(Tbl案件[編號],MATCH(14,$U$100:$U$299,0)),"") | B42: =IFERROR(INDEX(Tbl案件[案類],MATCH(14,$U$100:$U$299,0)),"") | C42: =IFERROR(INDEX(Tbl案件[發生時間],MATCH(14,$U$100:$U$299,0)),"") | D42: =IFERROR(INDEX(Tbl案件[發生地點],MATCH(14,$U$100:$U$299,0)),"") | E42: =IFERROR(INDEX(Tbl案件[破獲時間],MATCH(14,$U$100:$U$299,0)),"") | F42: =IFERROR(INDEX(Tbl案件[案件狀況],MATCH(14,$U$100:$U$299,0)),"") | G42: =IFERROR(INDEX(Tbl案件[偵辦進度],MATCH(14,$U$100:$U$299,0)),"") | H42: =IFERROR(INDEX(Tbl案件[承辦人],MATCH(14,$U$100:$U$299,0)),"") | I42: =IFERROR(INDEX(Tbl案件[備註],MATCH(14,$U$100:$U$299,0)),"")
A43: =IFERROR(INDEX(Tbl案件[編號],MATCH(15,$U$100:$U$299,0)),"") | B43: =IFERROR(INDEX(Tbl案件[案類],MATCH(15,$U$100:$U$299,0)),"") | C43: =IFERROR(INDEX(Tbl案件[發生時間],MATCH(15,$U$100:$U$299,0)),"") | D43: =IFERROR(INDEX(Tbl案件[發生地點],MATCH(15,$U$100:$U$299,0)),"") | E43: =IFERROR(INDEX(Tbl案件[破獲時間],MATCH(15,$U$100:$U$299,0)),"") | F43: =IFERROR(INDEX(Tbl案件[案件狀況],MATCH(15,$U$100:$U$299,0)),"") | G43: =IFERROR(INDEX(Tbl案件[偵辦進度],MATCH(15,$U$100:$U$299,0)),"") | H43: =IFERROR(INDEX(Tbl案件[承辦人],MATCH(15,$U$100:$U$299,0)),"") | I43: =IFERROR(INDEX(Tbl案件[備註],MATCH(15,$U$100:$U$299,0)),"")
A45: ="© KKEVIN-LIN-2026-V2.0 ｜ v2.1 兩區段並呈（取代 v2 視圖下拉） ｜ 製表："&TEXT(今日,"e/mm/dd")
Q99: [helper] | R99: 尚未偵破? | S99: 尚未順序 | T99: 已破未送? | U99: 已破順序
Q100: 1 | R100: =IFERROR(IF(AND(IFERROR(INDEX(Tbl案件[案件狀況],1),"")="尚未偵破",IFERROR(INDEX(Tbl案件[發生管轄],1),"")="本轄",IFERROR(INDEX(Tbl案件[歸屬年度],1),0)=(YEAR(今日)-1911)),1,0),0) | S100: =IF(R100=1,SUM($R$100:R100),0) | T100: =IFERROR(IF(AND(IFERROR(INDEX(Tbl案件[案件狀況],1),"")="已破獲未移送",IFERROR(INDEX(Tbl案件[查獲管轄],1),"")="本轄",IFERROR(INDEX(Tbl案件[歸屬年度],1),0)=(YEAR(今日)-1911)),1,0),0) | U100: =IF(T100=1,SUM($T$100:T100),0)
Q101: 2 | R101: =IFERROR(IF(AND(IFERROR(INDEX(Tbl案件[案件狀況],2),"")="尚未偵破",IFERROR(INDEX(Tbl案件[發生管轄],2),"")="本轄",IFERROR(INDEX(Tbl案件[歸屬年度],2),0)=(YEAR(今日)-1911)),1,0),0) | S101: =IF(R101=1,SUM($R$100:R101),0) | T101: =IFERROR(IF(AND(IFERROR(INDEX(Tbl案件[案件狀況],2),"")="已破獲未移送",IFERROR(INDEX(Tbl案件[查獲管轄],2),"")="本轄",IFERROR(INDEX(Tbl案件[歸屬年度],2),0)=(YEAR(今日)-1911)),1,0),0) | U101: =IF(T101=1,SUM($T$100:T101),0)
Q102: 3 | R102: =IFERROR(IF(AND(IFERROR(INDEX(Tbl案件[案件狀況],3),"")="尚未偵破",IFERROR(INDEX(Tbl案件[發生管轄],3),"")="本轄",IFERROR(INDEX(Tbl案件[歸屬年度],3),0)=(YEAR(今日)-1911)),1,0),0) | S102: =IF(R102=1,SUM($R$100:R102),0) | T102: =IFERROR(IF(AND(IFERROR(INDEX(Tbl案件[案件狀況],3),"")="已破獲未移送",IFERROR(INDEX(Tbl案件[查獲管轄],3),"")="本轄",IFERROR(INDEX(Tbl案件[歸屬年度],3),0)=(YEAR(今日)-1911)),1,0),0) | U102: =IF(T102=1,SUM($T$100:T102),0)
Q103: 4 | R103: =IFERROR(IF(AND(IFERROR(INDEX(Tbl案件[案件狀況],4),"")="尚未偵破",IFERROR(INDEX(Tbl案件[發生管轄],4),"")="本轄",IFERROR(INDEX(Tbl案件[歸屬年度],4),0)=(YEAR(今日)-1911)),1,0),0) | S103: =IF(R103=1,SUM($R$100:R103),0) | T103: =IFERROR(IF(AND(IFERROR(INDEX(Tbl案件[案件狀況],4),"")="已破獲未移送",IFERROR(INDEX(Tbl案件[查獲管轄],4),"")="本轄",IFERROR(INDEX(Tbl案件[歸屬年度],4),0)=(YEAR(今日)-1911)),1,0),0) | U103: =IF(T103=1,SUM($T$100:T103),0)
Q104: 5 | R104: =IFERROR(IF(AND(IFERROR(INDEX(Tbl案件[案件狀況],5),"")="尚未偵破",IFERROR(INDEX(Tbl案件[發生管轄],5),"")="本轄",IFERROR(INDEX(Tbl案件[歸屬年度],5),0)=(YEAR(今日)-1911)),1,0),0) | S104: =IF(R104=1,SUM($R$100:R104),0) | T104: =IFERROR(IF(AND(IFERROR(INDEX(Tbl案件[案件狀況],5),"")="已破獲未移送",IFERROR(INDEX(Tbl案件[查獲管轄],5),"")="本轄",IFERROR(INDEX(Tbl案件[歸屬年度],5),0)=(YEAR(今日)-1911)),1,0),0) | U104: =IF(T104=1,SUM($T$100:T104),0)
Q105: 6 | R105: =IFERROR(IF(AND(IFERROR(INDEX(Tbl案件[案件狀況],6),"")="尚未偵破",IFERROR(INDEX(Tbl案件[發生管轄],6),"")="本轄",IFERROR(INDEX(Tbl案件[歸屬年度],6),0)=(YEAR(今日)-1911)),1,0),0) | S105: =IF(R105=1,SUM($R$100:R105),0) | T105: =IFERROR(IF(AND(IFERROR(INDEX(Tbl案件[案件狀況],6),"")="已破獲未移送",IFERROR(INDEX(Tbl案件[查獲管轄],6),"")="本轄",IFERROR(INDEX(Tbl案件[歸屬年度],6),0)=(YEAR(今日)-1911)),1,0),0) | U105: =IF(T105=1,SUM($T$100:T105),0)
Q106: 7 | R106: =IFERROR(IF(AND(IFERROR(INDEX(Tbl案件[案件狀況],7),"")="尚未偵破",IFERROR(INDEX(Tbl案件[發生管轄],7),"")="本轄",IFERROR(INDEX(Tbl案件[歸屬年度],7),0)=(YEAR(今日)-1911)),1,0),0) | S106: =IF(R106=1,SUM($R$100:R106),0) | T106: =IFERROR(IF(AND(IFERROR(INDEX(Tbl案件[案件狀況],7),"")="已破獲未移送",IFERROR(INDEX(Tbl案件[查獲管轄],7),"")="本轄",IFERROR(INDEX(Tbl案件[歸屬年度],7),0)=(YEAR(今日)-1911)),1,0),0) | U106: =IF(T106=1,SUM($T$100:T106),0)
Q107: 8 | R107: =IFERROR(IF(AND(IFERROR(INDEX(Tbl案件[案件狀況],8),"")="尚未偵破",IFERROR(INDEX(Tbl案件[發生管轄],8),"")="本轄",IFERROR(INDEX(Tbl案件[歸屬年度],8),0)=(YEAR(今日)-1911)),1,0),0) | S107: =IF(R107=1,SUM($R$100:R107),0) | T107: =IFERROR(IF(AND(IFERROR(INDEX(Tbl案件[案件狀況],8),"")="已破獲未移送",IFERROR(INDEX(Tbl案件[查獲管轄],8),"")="本轄",IFERROR(INDEX(Tbl案件[歸屬年度],8),0)=(YEAR(今日)-1911)),1,0),0) | U107: =IF(T107=1,SUM($T$100:T107),0)
Q108: 9 | R108: =IFERROR(IF(AND(IFERROR(INDEX(Tbl案件[案件狀況],9),"")="尚未偵破",IFERROR(INDEX(Tbl案件[發生管轄],9),"")="本轄",IFERROR(INDEX(Tbl案件[歸屬年度],9),0)=(YEAR(今日)-1911)),1,0),0) | S108: =IF(R108=1,SUM($R$100:R108),0) | T108: =IFERROR(IF(AND(IFERROR(INDEX(Tbl案件[案件狀況],9),"")="已破獲未移送",IFERROR(INDEX(Tbl案件[查獲管轄],9),"")="本轄",IFERROR(INDEX(Tbl案件[歸屬年度],9),0)=(YEAR(今日)-1911)),1,0),0) | U108: =IF(T108=1,SUM($T$100:T108),0)
Q109: 10 | R109: =IFERROR(IF(AND(IFERROR(INDEX(Tbl案件[案件狀況],10),"")="尚未偵破",IFERROR(INDEX(Tbl案件[發生管轄],10),"")="本轄",IFERROR(INDEX(Tbl案件[歸屬年度],10),0)=(YEAR(今日)-1911)),1,0),0) | S109: =IF(R109=1,SUM($R$100:R109),0) | T109: =IFERROR(IF(AND(IFERROR(INDEX(Tbl案件[案件狀況],10),"")="已破獲未移送",IFERROR(INDEX(Tbl案件[查獲管轄],10),"")="本轄",IFERROR(INDEX(Tbl案件[歸屬年度],10),0)=(YEAR(今日)-1911)),1,0),0) | U109: =IF(T109=1,SUM($T$100:T109),0)
Q110: 11 | R110: =IFERROR(IF(AND(IFERROR(INDEX(Tbl案件[案件狀況],11),"")="尚未偵破",IFERROR(INDEX(Tbl案件[發生管轄],11),"")="本轄",IFERROR(INDEX(Tbl案件[歸屬年度],11),0)=(YEAR(今日)-1911)),1,0),0) | S110: =IF(R110=1,SUM($R$100:R110),0) | T110: =IFERROR(IF(AND(IFERROR(INDEX(Tbl案件[案件狀況],11),"")="已破獲未移送",IFERROR(INDEX(Tbl案件[查獲管轄],11),"")="本轄",IFERROR(INDEX(Tbl案件[歸屬年度],11),0)=(YEAR(今日)-1911)),1,0),0) | U110: =IF(T110=1,SUM($T$100:T110),0)
Q111: 12 | R111: =IFERROR(IF(AND(IFERROR(INDEX(Tbl案件[案件狀況],12),"")="尚未偵破",IFERROR(INDEX(Tbl案件[發生管轄],12),"")="本轄",IFERROR(INDEX(Tbl案件[歸屬年度],12),0)=(YEAR(今日)-1911)),1,0),0) | S111: =IF(R111=1,SUM($R$100:R111),0) | T111: =IFERROR(IF(AND(IFERROR(INDEX(Tbl案件[案件狀況],12),"")="已破獲未移送",IFERROR(INDEX(Tbl案件[查獲管轄],12),"")="本轄",IFERROR(INDEX(Tbl案件[歸屬年度],12),0)=(YEAR(今日)-1911)),1,0),0) | U111: =IF(T111=1,SUM($T$100:T111),0)
Q112: 13 | R112: =IFERROR(IF(AND(IFERROR(INDEX(Tbl案件[案件狀況],13),"")="尚未偵破",IFERROR(INDEX(Tbl案件[發生管轄],13),"")="本轄",IFERROR(INDEX(Tbl案件[歸屬年度],13),0)=(YEAR(今日)-1911)),1,0),0) | S112: =IF(R112=1,SUM($R$100:R112),0) | T112: =IFERROR(IF(AND(IFERROR(INDEX(Tbl案件[案件狀況],13),"")="已破獲未移送",IFERROR(INDEX(Tbl案件[查獲管轄],13),"")="本轄",IFERROR(INDEX(Tbl案件[歸屬年度],13),0)=(YEAR(今日)-1911)),1,0),0) | U112: =IF(T112=1,SUM($T$100:T112),0)
Q113: 14 | R113: =IFERROR(IF(AND(IFERROR(INDEX(Tbl案件[案件狀況],14),"")="尚未偵破",IFERROR(INDEX(Tbl案件[發生管轄],14),"")="本轄",IFERROR(INDEX(Tbl案件[歸屬年度],14),0)=(YEAR(今日)-1911)),1,0),0) | S113: =IF(R113=1,SUM($R$100:R113),0) | T113: =IFERROR(IF(AND(IFERROR(INDEX(Tbl案件[案件狀況],14),"")="已破獲未移送",IFERROR(INDEX(Tbl案件[查獲管轄],14),"")="本轄",IFERROR(INDEX(Tbl案件[歸屬年度],14),0)=(YEAR(今日)-1911)),1,0),0) | U113: =IF(T113=1,SUM($T$100:T113),0)
Q114: 15 | R114: =IFERROR(IF(AND(IFERROR(INDEX(Tbl案件[案件狀況],15),"")="尚未偵破",IFERROR(INDEX(Tbl案件[發生管轄],15),"")="本轄",IFERROR(INDEX(Tbl案件[歸屬年度],15),0)=(YEAR(今日)-1911)),1,0),0) | S114: =IF(R114=1,SUM($R$100:R114),0) | T114: =IFERROR(IF(AND(IFERROR(INDEX(Tbl案件[案件狀況],15),"")="已破獲未移送",IFERROR(INDEX(Tbl案件[查獲管轄],15),"")="本轄",IFERROR(INDEX(Tbl案件[歸屬年度],15),0)=(YEAR(今日)-1911)),1,0),0) | U114: =IF(T114=1,SUM($T$100:T114),0)
Q115: 16 | R115: =IFERROR(IF(AND(IFERROR(INDEX(Tbl案件[案件狀況],16),"")="尚未偵破",IFERROR(INDEX(Tbl案件[發生管轄],16),"")="本轄",IFERROR(INDEX(Tbl案件[歸屬年度],16),0)=(YEAR(今日)-1911)),1,0),0) | S115: =IF(R115=1,SUM($R$100:R115),0) | T115: =IFERROR(IF(AND(IFERROR(INDEX(Tbl案件[案件狀況],16),"")="已破獲未移送",IFERROR(INDEX(Tbl案件[查獲管轄],16),"")="本轄",IFERROR(INDEX(Tbl案件[歸屬年度],16),0)=(YEAR(今日)-1911)),1,0),0) | U115: =IF(T115=1,SUM($T$100:T115),0)
Q116: 17 | R116: =IFERROR(IF(AND(IFERROR(INDEX(Tbl案件[案件狀況],17),"")="尚未偵破",IFERROR(INDEX(Tbl案件[發生管轄],17),"")="本轄",IFERROR(INDEX(Tbl案件[歸屬年度],17),0)=(YEAR(今日)-1911)),1,0),0) | S116: =IF(R116=1,SUM($R$100:R116),0) | T116: =IFERROR(IF(AND(IFERROR(INDEX(Tbl案件[案件狀況],17),"")="已破獲未移送",IFERROR(INDEX(Tbl案件[查獲管轄],17),"")="本轄",IFERROR(INDEX(Tbl案件[歸屬年度],17),0)=(YEAR(今日)-1911)),1,0),0) | U116: =IF(T116=1,SUM($T$100:T116),0)
Q117: 18 | R117: =IFERROR(IF(AND(IFERROR(INDEX(Tbl案件[案件狀況],18),"")="尚未偵破",IFERROR(INDEX(Tbl案件[發生管轄],18),"")="本轄",IFERROR(INDEX(Tbl案件[歸屬年度],18),0)=(YEAR(今日)-1911)),1,0),0) | S117: =IF(R117=1,SUM($R$100:R117),0) | T117: =IFERROR(IF(AND(IFERROR(INDEX(Tbl案件[案件狀況],18),"")="已破獲未移送",IFERROR(INDEX(Tbl案件[查獲管轄],18),"")="本轄",IFERROR(INDEX(Tbl案件[歸屬年度],18),0)=(YEAR(今日)-1911)),1,0),0) | U117: =IF(T117=1,SUM($T$100:T117),0)
Q118: 19 | R118: =IFERROR(IF(AND(IFERROR(INDEX(Tbl案件[案件狀況],19),"")="尚未偵破",IFERROR(INDEX(Tbl案件[發生管轄],19),"")="本轄",IFERROR(INDEX(Tbl案件[歸屬年度],19),0)=(YEAR(今日)-1911)),1,0),0) | S118: =IF(R118=1,SUM($R$100:R118),0) | T118: =IFERROR(IF(AND(IFERROR(INDEX(Tbl案件[案件狀況],19),"")="已破獲未移送",IFERROR(INDEX(Tbl案件[查獲管轄],19),"")="本轄",IFERROR(INDEX(Tbl案件[歸屬年度],19),0)=(YEAR(今日)-1911)),1,0),0) | U118: =IF(T118=1,SUM($T$100:T118),0)
Q119: 20 | R119: =IFERROR(IF(AND(IFERROR(INDEX(Tbl案件[案件狀況],20),"")="尚未偵破",IFERROR(INDEX(Tbl案件[發生管轄],20),"")="本轄",IFERROR(INDEX(Tbl案件[歸屬年度],20),0)=(YEAR(今日)-1911)),1,0),0) | S119: =IF(R119=1,SUM($R$100:R119),0) | T119: =IFERROR(IF(AND(IFERROR(INDEX(Tbl案件[案件狀況],20),"")="已破獲未移送",IFERROR(INDEX(Tbl案件[查獲管轄],20),"")="本轄",IFERROR(INDEX(Tbl案件[歸屬年度],20),0)=(YEAR(今日)-1911)),1,0),0) | U119: =IF(T119=1,SUM($T$100:T119),0)
Q120: 21 | R120: =IFERROR(IF(AND(IFERROR(INDEX(Tbl案件[案件狀況],21),"")="尚未偵破",IFERROR(INDEX(Tbl案件[發生管轄],21),"")="本轄",IFERROR(INDEX(Tbl案件[歸屬年度],21),0)=(YEAR(今日)-1911)),1,0),0) | S120: =IF(R120=1,SUM($R$100:R120),0) | T120: =IFERROR(IF(AND(IFERROR(INDEX(Tbl案件[案件狀況],21),"")="已破獲未移送",IFERROR(INDEX(Tbl案件[查獲管轄],21),"")="本轄",IFERROR(INDEX(Tbl案件[歸屬年度],21),0)=(YEAR(今日)-1911)),1,0),0) | U120: =IF(T120=1,SUM($T$100:T120),0)
Q121: 22 | R121: =IFERROR(IF(AND(IFERROR(INDEX(Tbl案件[案件狀況],22),"")="尚未偵破",IFERROR(INDEX(Tbl案件[發生管轄],22),"")="本轄",IFERROR(INDEX(Tbl案件[歸屬年度],22),0)=(YEAR(今日)-1911)),1,0),0) | S121: =IF(R121=1,SUM($R$100:R121),0) | T121: =IFERROR(IF(AND(IFERROR(INDEX(Tbl案件[案件狀況],22),"")="已破獲未移送",IFERROR(INDEX(Tbl案件[查獲管轄],22),"")="本轄",IFERROR(INDEX(Tbl案件[歸屬年度],22),0)=(YEAR(今日)-1911)),1,0),0) | U121: =IF(T121=1,SUM($T$100:T121),0)
Q122: 23 | R122: =IFERROR(IF(AND(IFERROR(INDEX(Tbl案件[案件狀況],23),"")="尚未偵破",IFERROR(INDEX(Tbl案件[發生管轄],23),"")="本轄",IFERROR(INDEX(Tbl案件[歸屬年度],23),0)=(YEAR(今日)-1911)),1,0),0) | S122: =IF(R122=1,SUM($R$100:R122),0) | T122: =IFERROR(IF(AND(IFERROR(INDEX(Tbl案件[案件狀況],23),"")="已破獲未移送",IFERROR(INDEX(Tbl案件[查獲管轄],23),"")="本轄",IFERROR(INDEX(Tbl案件[歸屬年度],23),0)=(YEAR(今日)-1911)),1,0),0) | U122: =IF(T122=1,SUM($T$100:T122),0)
Q123: 24 | R123: =IFERROR(IF(AND(IFERROR(INDEX(Tbl案件[案件狀況],24),"")="尚未偵破",IFERROR(INDEX(Tbl案件[發生管轄],24),"")="本轄",IFERROR(INDEX(Tbl案件[歸屬年度],24),0)=(YEAR(今日)-1911)),1,0),0) | S123: =IF(R123=1,SUM($R$100:R123),0) | T123: =IFERROR(IF(AND(IFERROR(INDEX(Tbl案件[案件狀況],24),"")="已破獲未移送",IFERROR(INDEX(Tbl案件[查獲管轄],24),"")="本轄",IFERROR(INDEX(Tbl案件[歸屬年度],24),0)=(YEAR(今日)-1911)),1,0),0) | U123: =IF(T123=1,SUM($T$100:T123),0)
Q124: 25 | R124: =IFERROR(IF(AND(IFERROR(INDEX(Tbl案件[案件狀況],25),"")="尚未偵破",IFERROR(INDEX(Tbl案件[發生管轄],25),"")="本轄",IFERROR(INDEX(Tbl案件[歸屬年度],25),0)=(YEAR(今日)-1911)),1,0),0) | S124: =IF(R124=1,SUM($R$100:R124),0) | T124: =IFERROR(IF(AND(IFERROR(INDEX(Tbl案件[案件狀況],25),"")="已破獲未移送",IFERROR(INDEX(Tbl案件[查獲管轄],25),"")="本轄",IFERROR(INDEX(Tbl案件[歸屬年度],25),0)=(YEAR(今日)-1911)),1,0),0) | U124: =IF(T124=1,SUM($T$100:T124),0)
Q125: 26 | R125: =IFERROR(IF(AND(IFERROR(INDEX(Tbl案件[案件狀況],26),"")="尚未偵破",IFERROR(INDEX(Tbl案件[發生管轄],26),"")="本轄",IFERROR(INDEX(Tbl案件[歸屬年度],26),0)=(YEAR(今日)-1911)),1,0),0) | S125: =IF(R125=1,SUM($R$100:R125),0) | T125: =IFERROR(IF(AND(IFERROR(INDEX(Tbl案件[案件狀況],26),"")="已破獲未移送",IFERROR(INDEX(Tbl案件[查獲管轄],26),"")="本轄",IFERROR(INDEX(Tbl案件[歸屬年度],26),0)=(YEAR(今日)-1911)),1,0),0) | U125: =IF(T125=1,SUM($T$100:T125),0)
Q126: 27 | R126: =IFERROR(IF(AND(IFERROR(INDEX(Tbl案件[案件狀況],27),"")="尚未偵破",IFERROR(INDEX(Tbl案件[發生管轄],27),"")="本轄",IFERROR(INDEX(Tbl案件[歸屬年度],27),0)=(YEAR(今日)-1911)),1,0),0) | S126: =IF(R126=1,SUM($R$100:R126),0) | T126: =IFERROR(IF(AND(IFERROR(INDEX(Tbl案件[案件狀況],27),"")="已破獲未移送",IFERROR(INDEX(Tbl案件[查獲管轄],27),"")="本轄",IFERROR(INDEX(Tbl案件[歸屬年度],27),0)=(YEAR(今日)-1911)),1,0),0) | U126: =IF(T126=1,SUM($T$100:T126),0)
Q127: 28 | R127: =IFERROR(IF(AND(IFERROR(INDEX(Tbl案件[案件狀況],28),"")="尚未偵破",IFERROR(INDEX(Tbl案件[發生管轄],28),"")="本轄",IFERROR(INDEX(Tbl案件[歸屬年度],28),0)=(YEAR(今日)-1911)),1,0),0) | S127: =IF(R127=1,SUM($R$100:R127),0) | T127: =IFERROR(IF(AND(IFERROR(INDEX(Tbl案件[案件狀況],28),"")="已破獲未移送",IFERROR(INDEX(Tbl案件[查獲管轄],28),"")="本轄",IFERROR(INDEX(Tbl案件[歸屬年度],28),0)=(YEAR(今日)-1911)),1,0),0) | U127: =IF(T127=1,SUM($T$100:T127),0)
Q128: 29 | R128: =IFERROR(IF(AND(IFERROR(INDEX(Tbl案件[案件狀況],29),"")="尚未偵破",IFERROR(INDEX(Tbl案件[發生管轄],29),"")="本轄",IFERROR(INDEX(Tbl案件[歸屬年度],29),0)=(YEAR(今日)-1911)),1,0),0) | S128: =IF(R128=1,SUM($R$100:R128),0) | T128: =IFERROR(IF(AND(IFERROR(INDEX(Tbl案件[案件狀況],29),"")="已破獲未移送",IFERROR(INDEX(Tbl案件[查獲管轄],29),"")="本轄",IFERROR(INDEX(Tbl案件[歸屬年度],29),0)=(YEAR(今日)-1911)),1,0),0) | U128: =IF(T128=1,SUM($T$100:T128),0)
Q129: 30 | R129: =IFERROR(IF(AND(IFERROR(INDEX(Tbl案件[案件狀況],30),"")="尚未偵破",IFERROR(INDEX(Tbl案件[發生管轄],30),"")="本轄",IFERROR(INDEX(Tbl案件[歸屬年度],30),0)=(YEAR(今日)-1911)),1,0),0) | S129: =IF(R129=1,SUM($R$100:R129),0) | T129: =IFERROR(IF(AND(IFERROR(INDEX(Tbl案件[案件狀況],30),"")="已破獲未移送",IFERROR(INDEX(Tbl案件[查獲管轄],30),"")="本轄",IFERROR(INDEX(Tbl案件[歸屬年度],30),0)=(YEAR(今日)-1911)),1,0),0) | U129: =IF(T129=1,SUM($T$100:T129),0)
Q130: 31 | R130: =IFERROR(IF(AND(IFERROR(INDEX(Tbl案件[案件狀況],31),"")="尚未偵破",IFERROR(INDEX(Tbl案件[發生管轄],31),"")="本轄",IFERROR(INDEX(Tbl案件[歸屬年度],31),0)=(YEAR(今日)-1911)),1,0),0) | S130: =IF(R130=1,SUM($R$100:R130),0) | T130: =IFERROR(IF(AND(IFERROR(INDEX(Tbl案件[案件狀況],31),"")="已破獲未移送",IFERROR(INDEX(Tbl案件[查獲管轄],31),"")="本轄",IFERROR(INDEX(Tbl案件[歸屬年度],31),0)=(YEAR(今日)-1911)),1,0),0) | U130: =IF(T130=1,SUM($T$100:T130),0)
Q131: 32 | R131: =IFERROR(IF(AND(IFERROR(INDEX(Tbl案件[案件狀況],32),"")="尚未偵破",IFERROR(INDEX(Tbl案件[發生管轄],32),"")="本轄",IFERROR(INDEX(Tbl案件[歸屬年度],32),0)=(YEAR(今日)-1911)),1,0),0) | S131: =IF(R131=1,SUM($R$100:R131),0) | T131: =IFERROR(IF(AND(IFERROR(INDEX(Tbl案件[案件狀況],32),"")="已破獲未移送",IFERROR(INDEX(Tbl案件[查獲管轄],32),"")="本轄",IFERROR(INDEX(Tbl案件[歸屬年度],32),0)=(YEAR(今日)-1911)),1,0),0) | U131: =IF(T131=1,SUM($T$100:T131),0)
Q132: 33 | R132: =IFERROR(IF(AND(IFERROR(INDEX(Tbl案件[案件狀況],33),"")="尚未偵破",IFERROR(INDEX(Tbl案件[發生管轄],33),"")="本轄",IFERROR(INDEX(Tbl案件[歸屬年度],33),0)=(YEAR(今日)-1911)),1,0),0) | S132: =IF(R132=1,SUM($R$100:R132),0) | T132: =IFERROR(IF(AND(IFERROR(INDEX(Tbl案件[案件狀況],33),"")="已破獲未移送",IFERROR(INDEX(Tbl案件[查獲管轄],33),"")="本轄",IFERROR(INDEX(Tbl案件[歸屬年度],33),0)=(YEAR(今日)-1911)),1,0),0) | U132: =IF(T132=1,SUM($T$100:T132),0)
Q133: 34 | R133: =IFERROR(IF(AND(IFERROR(INDEX(Tbl案件[案件狀況],34),"")="尚未偵破",IFERROR(INDEX(Tbl案件[發生管轄],34),"")="本轄",IFERROR(INDEX(Tbl案件[歸屬年度],34),0)=(YEAR(今日)-1911)),1,0),0) | S133: =IF(R133=1,SUM($R$100:R133),0) | T133: =IFERROR(IF(AND(IFERROR(INDEX(Tbl案件[案件狀況],34),"")="已破獲未移送",IFERROR(INDEX(Tbl案件[查獲管轄],34),"")="本轄",IFERROR(INDEX(Tbl案件[歸屬年度],34),0)=(YEAR(今日)-1911)),1,0),0) | U133: =IF(T133=1,SUM($T$100:T133),0)
Q134: 35 | R134: =IFERROR(IF(AND(IFERROR(INDEX(Tbl案件[案件狀況],35),"")="尚未偵破",IFERROR(INDEX(Tbl案件[發生管轄],35),"")="本轄",IFERROR(INDEX(Tbl案件[歸屬年度],35),0)=(YEAR(今日)-1911)),1,0),0) | S134: =IF(R134=1,SUM($R$100:R134),0) | T134: =IFERROR(IF(AND(IFERROR(INDEX(Tbl案件[案件狀況],35),"")="已破獲未移送",IFERROR(INDEX(Tbl案件[查獲管轄],35),"")="本轄",IFERROR(INDEX(Tbl案件[歸屬年度],35),0)=(YEAR(今日)-1911)),1,0),0) | U134: =IF(T134=1,SUM($T$100:T134),0)
Q135: 36 | R135: =IFERROR(IF(AND(IFERROR(INDEX(Tbl案件[案件狀況],36),"")="尚未偵破",IFERROR(INDEX(Tbl案件[發生管轄],36),"")="本轄",IFERROR(INDEX(Tbl案件[歸屬年度],36),0)=(YEAR(今日)-1911)),1,0),0) | S135: =IF(R135=1,SUM($R$100:R135),0) | T135: =IFERROR(IF(AND(IFERROR(INDEX(Tbl案件[案件狀況],36),"")="已破獲未移送",IFERROR(INDEX(Tbl案件[查獲管轄],36),"")="本轄",IFERROR(INDEX(Tbl案件[歸屬年度],36),0)=(YEAR(今日)-1911)),1,0),0) | U135: =IF(T135=1,SUM($T$100:T135),0)
Q136: 37 | R136: =IFERROR(IF(AND(IFERROR(INDEX(Tbl案件[案件狀況],37),"")="尚未偵破",IFERROR(INDEX(Tbl案件[發生管轄],37),"")="本轄",IFERROR(INDEX(Tbl案件[歸屬年度],37),0)=(YEAR(今日)-1911)),1,0),0) | S136: =IF(R136=1,SUM($R$100:R136),0) | T136: =IFERROR(IF(AND(IFERROR(INDEX(Tbl案件[案件狀況],37),"")="已破獲未移送",IFERROR(INDEX(Tbl案件[查獲管轄],37),"")="本轄",IFERROR(INDEX(Tbl案件[歸屬年度],37),0)=(YEAR(今日)-1911)),1,0),0) | U136: =IF(T136=1,SUM($T$100:T136),0)
Q137: 38 | R137: =IFERROR(IF(AND(IFERROR(INDEX(Tbl案件[案件狀況],38),"")="尚未偵破",IFERROR(INDEX(Tbl案件[發生管轄],38),"")="本轄",IFERROR(INDEX(Tbl案件[歸屬年度],38),0)=(YEAR(今日)-1911)),1,0),0) | S137: =IF(R137=1,SUM($R$100:R137),0) | T137: =IFERROR(IF(AND(IFERROR(INDEX(Tbl案件[案件狀況],38),"")="已破獲未移送",IFERROR(INDEX(Tbl案件[查獲管轄],38),"")="本轄",IFERROR(INDEX(Tbl案件[歸屬年度],38),0)=(YEAR(今日)-1911)),1,0),0) | U137: =IF(T137=1,SUM($T$100:T137),0)
Q138: 39 | R138: =IFERROR(IF(AND(IFERROR(INDEX(Tbl案件[案件狀況],39),"")="尚未偵破",IFERROR(INDEX(Tbl案件[發生管轄],39),"")="本轄",IFERROR(INDEX(Tbl案件[歸屬年度],39),0)=(YEAR(今日)-1911)),1,0),0) | S138: =IF(R138=1,SUM($R$100:R138),0) | T138: =IFERROR(IF(AND(IFERROR(INDEX(Tbl案件[案件狀況],39),"")="已破獲未移送",IFERROR(INDEX(Tbl案件[查獲管轄],39),"")="本轄",IFERROR(INDEX(Tbl案件[歸屬年度],39),0)=(YEAR(今日)-1911)),1,0),0) | U138: =IF(T138=1,SUM($T$100:T138),0)
Q139: 40 | R139: =IFERROR(IF(AND(IFERROR(INDEX(Tbl案件[案件狀況],40),"")="尚未偵破",IFERROR(INDEX(Tbl案件[發生管轄],40),"")="本轄",IFERROR(INDEX(Tbl案件[歸屬年度],40),0)=(YEAR(今日)-1911)),1,0),0) | S139: =IF(R139=1,SUM($R$100:R139),0) | T139: =IFERROR(IF(AND(IFERROR(INDEX(Tbl案件[案件狀況],40),"")="已破獲未移送",IFERROR(INDEX(Tbl案件[查獲管轄],40),"")="本轄",IFERROR(INDEX(Tbl案件[歸屬年度],40),0)=(YEAR(今日)-1911)),1,0),0) | U139: =IF(T139=1,SUM($T$100:T139),0)
Q140: 41 | R140: =IFERROR(IF(AND(IFERROR(INDEX(Tbl案件[案件狀況],41),"")="尚未偵破",IFERROR(INDEX(Tbl案件[發生管轄],41),"")="本轄",IFERROR(INDEX(Tbl案件[歸屬年度],41),0)=(YEAR(今日)-1911)),1,0),0) | S140: =IF(R140=1,SUM($R$100:R140),0) | T140: =IFERROR(IF(AND(IFERROR(INDEX(Tbl案件[案件狀況],41),"")="已破獲未移送",IFERROR(INDEX(Tbl案件[查獲管轄],41),"")="本轄",IFERROR(INDEX(Tbl案件[歸屬年度],41),0)=(YEAR(今日)-1911)),1,0),0) | U140: =IF(T140=1,SUM($T$100:T140),0)
Q141: 42 | R141: =IFERROR(IF(AND(IFERROR(INDEX(Tbl案件[案件狀況],42),"")="尚未偵破",IFERROR(INDEX(Tbl案件[發生管轄],42),"")="本轄",IFERROR(INDEX(Tbl案件[歸屬年度],42),0)=(YEAR(今日)-1911)),1,0),0) | S141: =IF(R141=1,SUM($R$100:R141),0) | T141: =IFERROR(IF(AND(IFERROR(INDEX(Tbl案件[案件狀況],42),"")="已破獲未移送",IFERROR(INDEX(Tbl案件[查獲管轄],42),"")="本轄",IFERROR(INDEX(Tbl案件[歸屬年度],42),0)=(YEAR(今日)-1911)),1,0),0) | U141: =IF(T141=1,SUM($T$100:T141),0)
Q142: 43 | R142: =IFERROR(IF(AND(IFERROR(INDEX(Tbl案件[案件狀況],43),"")="尚未偵破",IFERROR(INDEX(Tbl案件[發生管轄],43),"")="本轄",IFERROR(INDEX(Tbl案件[歸屬年度],43),0)=(YEAR(今日)-1911)),1,0),0) | S142: =IF(R142=1,SUM($R$100:R142),0) | T142: =IFERROR(IF(AND(IFERROR(INDEX(Tbl案件[案件狀況],43),"")="已破獲未移送",IFERROR(INDEX(Tbl案件[查獲管轄],43),"")="本轄",IFERROR(INDEX(Tbl案件[歸屬年度],43),0)=(YEAR(今日)-1911)),1,0),0) | U142: =IF(T142=1,SUM($T$100:T142),0)
Q143: 44 | R143: =IFERROR(IF(AND(IFERROR(INDEX(Tbl案件[案件狀況],44),"")="尚未偵破",IFERROR(INDEX(Tbl案件[發生管轄],44),"")="本轄",IFERROR(INDEX(Tbl案件[歸屬年度],44),0)=(YEAR(今日)-1911)),1,0),0) | S143: =IF(R143=1,SUM($R$100:R143),0) | T143: =IFERROR(IF(AND(IFERROR(INDEX(Tbl案件[案件狀況],44),"")="已破獲未移送",IFERROR(INDEX(Tbl案件[查獲管轄],44),"")="本轄",IFERROR(INDEX(Tbl案件[歸屬年度],44),0)=(YEAR(今日)-1911)),1,0),0) | U143: =IF(T143=1,SUM($T$100:T143),0)
Q144: 45 | R144: =IFERROR(IF(AND(IFERROR(INDEX(Tbl案件[案件狀況],45),"")="尚未偵破",IFERROR(INDEX(Tbl案件[發生管轄],45),"")="本轄",IFERROR(INDEX(Tbl案件[歸屬年度],45),0)=(YEAR(今日)-1911)),1,0),0) | S144: =IF(R144=1,SUM($R$100:R144),0) | T144: =IFERROR(IF(AND(IFERROR(INDEX(Tbl案件[案件狀況],45),"")="已破獲未移送",IFERROR(INDEX(Tbl案件[查獲管轄],45),"")="本轄",IFERROR(INDEX(Tbl案件[歸屬年度],45),0)=(YEAR(今日)-1911)),1,0),0) | U144: =IF(T144=1,SUM($T$100:T144),0)
Q145: 46 | R145: =IFERROR(IF(AND(IFERROR(INDEX(Tbl案件[案件狀況],46),"")="尚未偵破",IFERROR(INDEX(Tbl案件[發生管轄],46),"")="本轄",IFERROR(INDEX(Tbl案件[歸屬年度],46),0)=(YEAR(今日)-1911)),1,0),0) | S145: =IF(R145=1,SUM($R$100:R145),0) | T145: =IFERROR(IF(AND(IFERROR(INDEX(Tbl案件[案件狀況],46),"")="已破獲未移送",IFERROR(INDEX(Tbl案件[查獲管轄],46),"")="本轄",IFERROR(INDEX(Tbl案件[歸屬年度],46),0)=(YEAR(今日)-1911)),1,0),0) | U145: =IF(T145=1,SUM($T$100:T145),0)
Q146: 47 | R146: =IFERROR(IF(AND(IFERROR(INDEX(Tbl案件[案件狀況],47),"")="尚未偵破",IFERROR(INDEX(Tbl案件[發生管轄],47),"")="本轄",IFERROR(INDEX(Tbl案件[歸屬年度],47),0)=(YEAR(今日)-1911)),1,0),0) | S146: =IF(R146=1,SUM($R$100:R146),0) | T146: =IFERROR(IF(AND(IFERROR(INDEX(Tbl案件[案件狀況],47),"")="已破獲未移送",IFERROR(INDEX(Tbl案件[查獲管轄],47),"")="本轄",IFERROR(INDEX(Tbl案件[歸屬年度],47),0)=(YEAR(今日)-1911)),1,0),0) | U146: =IF(T146=1,SUM($T$100:T146),0)
Q147: 48 | R147: =IFERROR(IF(AND(IFERROR(INDEX(Tbl案件[案件狀況],48),"")="尚未偵破",IFERROR(INDEX(Tbl案件[發生管轄],48),"")="本轄",IFERROR(INDEX(Tbl案件[歸屬年度],48),0)=(YEAR(今日)-1911)),1,0),0) | S147: =IF(R147=1,SUM($R$100:R147),0) | T147: =IFERROR(IF(AND(IFERROR(INDEX(Tbl案件[案件狀況],48),"")="已破獲未移送",IFERROR(INDEX(Tbl案件[查獲管轄],48),"")="本轄",IFERROR(INDEX(Tbl案件[歸屬年度],48),0)=(YEAR(今日)-1911)),1,0),0) | U147: =IF(T147=1,SUM($T$100:T147),0)
Q148: 49 | R148: =IFERROR(IF(AND(IFERROR(INDEX(Tbl案件[案件狀況],49),"")="尚未偵破",IFERROR(INDEX(Tbl案件[發生管轄],49),"")="本轄",IFERROR(INDEX(Tbl案件[歸屬年度],49),0)=(YEAR(今日)-1911)),1,0),0) | S148: =IF(R148=1,SUM($R$100:R148),0) | T148: =IFERROR(IF(AND(IFERROR(INDEX(Tbl案件[案件狀況],49),"")="已破獲未移送",IFERROR(INDEX(Tbl案件[查獲管轄],49),"")="本轄",IFERROR(INDEX(Tbl案件[歸屬年度],49),0)=(YEAR(今日)-1911)),1,0),0) | U148: =IF(T148=1,SUM($T$100:T148),0)
Q149: 50 | R149: =IFERROR(IF(AND(IFERROR(INDEX(Tbl案件[案件狀況],50),"")="尚未偵破",IFERROR(INDEX(Tbl案件[發生管轄],50),"")="本轄",IFERROR(INDEX(Tbl案件[歸屬年度],50),0)=(YEAR(今日)-1911)),1,0),0) | S149: =IF(R149=1,SUM($R$100:R149),0) | T149: =IFERROR(IF(AND(IFERROR(INDEX(Tbl案件[案件狀況],50),"")="已破獲未移送",IFERROR(INDEX(Tbl案件[查獲管轄],50),"")="本轄",IFERROR(INDEX(Tbl案件[歸屬年度],50),0)=(YEAR(今日)-1911)),1,0),0) | U149: =IF(T149=1,SUM($T$100:T149),0)
Q150: 51 | R150: =IFERROR(IF(AND(IFERROR(INDEX(Tbl案件[案件狀況],51),"")="尚未偵破",IFERROR(INDEX(Tbl案件[發生管轄],51),"")="本轄",IFERROR(INDEX(Tbl案件[歸屬年度],51),0)=(YEAR(今日)-1911)),1,0),0) | S150: =IF(R150=1,SUM($R$100:R150),0) | T150: =IFERROR(IF(AND(IFERROR(INDEX(Tbl案件[案件狀況],51),"")="已破獲未移送",IFERROR(INDEX(Tbl案件[查獲管轄],51),"")="本轄",IFERROR(INDEX(Tbl案件[歸屬年度],51),0)=(YEAR(今日)-1911)),1,0),0) | U150: =IF(T150=1,SUM($T$100:T150),0)
Q151: 52 | R151: =IFERROR(IF(AND(IFERROR(INDEX(Tbl案件[案件狀況],52),"")="尚未偵破",IFERROR(INDEX(Tbl案件[發生管轄],52),"")="本轄",IFERROR(INDEX(Tbl案件[歸屬年度],52),0)=(YEAR(今日)-1911)),1,0),0) | S151: =IF(R151=1,SUM($R$100:R151),0) | T151: =IFERROR(IF(AND(IFERROR(INDEX(Tbl案件[案件狀況],52),"")="已破獲未移送",IFERROR(INDEX(Tbl案件[查獲管轄],52),"")="本轄",IFERROR(INDEX(Tbl案件[歸屬年度],52),0)=(YEAR(今日)-1911)),1,0),0) | U151: =IF(T151=1,SUM($T$100:T151),0)
Q152: 53 | R152: =IFERROR(IF(AND(IFERROR(INDEX(Tbl案件[案件狀況],53),"")="尚未偵破",IFERROR(INDEX(Tbl案件[發生管轄],53),"")="本轄",IFERROR(INDEX(Tbl案件[歸屬年度],53),0)=(YEAR(今日)-1911)),1,0),0) | S152: =IF(R152=1,SUM($R$100:R152),0) | T152: =IFERROR(IF(AND(IFERROR(INDEX(Tbl案件[案件狀況],53),"")="已破獲未移送",IFERROR(INDEX(Tbl案件[查獲管轄],53),"")="本轄",IFERROR(INDEX(Tbl案件[歸屬年度],53),0)=(YEAR(今日)-1911)),1,0),0) | U152: =IF(T152=1,SUM($T$100:T152),0)
Q153: 54 | R153: =IFERROR(IF(AND(IFERROR(INDEX(Tbl案件[案件狀況],54),"")="尚未偵破",IFERROR(INDEX(Tbl案件[發生管轄],54),"")="本轄",IFERROR(INDEX(Tbl案件[歸屬年度],54),0)=(YEAR(今日)-1911)),1,0),0) | S153: =IF(R153=1,SUM($R$100:R153),0) | T153: =IFERROR(IF(AND(IFERROR(INDEX(Tbl案件[案件狀況],54),"")="已破獲未移送",IFERROR(INDEX(Tbl案件[查獲管轄],54),"")="本轄",IFERROR(INDEX(Tbl案件[歸屬年度],54),0)=(YEAR(今日)-1911)),1,0),0) | U153: =IF(T153=1,SUM($T$100:T153),0)
Q154: 55 | R154: =IFERROR(IF(AND(IFERROR(INDEX(Tbl案件[案件狀況],55),"")="尚未偵破",IFERROR(INDEX(Tbl案件[發生管轄],55),"")="本轄",IFERROR(INDEX(Tbl案件[歸屬年度],55),0)=(YEAR(今日)-1911)),1,0),0) | S154: =IF(R154=1,SUM($R$100:R154),0) | T154: =IFERROR(IF(AND(IFERROR(INDEX(Tbl案件[案件狀況],55),"")="已破獲未移送",IFERROR(INDEX(Tbl案件[查獲管轄],55),"")="本轄",IFERROR(INDEX(Tbl案件[歸屬年度],55),0)=(YEAR(今日)-1911)),1,0),0) | U154: =IF(T154=1,SUM($T$100:T154),0)
Q155: 56 | R155: =IFERROR(IF(AND(IFERROR(INDEX(Tbl案件[案件狀況],56),"")="尚未偵破",IFERROR(INDEX(Tbl案件[發生管轄],56),"")="本轄",IFERROR(INDEX(Tbl案件[歸屬年度],56),0)=(YEAR(今日)-1911)),1,0),0) | S155: =IF(R155=1,SUM($R$100:R155),0) | T155: =IFERROR(IF(AND(IFERROR(INDEX(Tbl案件[案件狀況],56),"")="已破獲未移送",IFERROR(INDEX(Tbl案件[查獲管轄],56),"")="本轄",IFERROR(INDEX(Tbl案件[歸屬年度],56),0)=(YEAR(今日)-1911)),1,0),0) | U155: =IF(T155=1,SUM($T$100:T155),0)
Q156: 57 | R156: =IFERROR(IF(AND(IFERROR(INDEX(Tbl案件[案件狀況],57),"")="尚未偵破",IFERROR(INDEX(Tbl案件[發生管轄],57),"")="本轄",IFERROR(INDEX(Tbl案件[歸屬年度],57),0)=(YEAR(今日)-1911)),1,0),0) | S156: =IF(R156=1,SUM($R$100:R156),0) | T156: =IFERROR(IF(AND(IFERROR(INDEX(Tbl案件[案件狀況],57),"")="已破獲未移送",IFERROR(INDEX(Tbl案件[查獲管轄],57),"")="本轄",IFERROR(INDEX(Tbl案件[歸屬年度],57),0)=(YEAR(今日)-1911)),1,0),0) | U156: =IF(T156=1,SUM($T$100:T156),0)
Q157: 58 | R157: =IFERROR(IF(AND(IFERROR(INDEX(Tbl案件[案件狀況],58),"")="尚未偵破",IFERROR(INDEX(Tbl案件[發生管轄],58),"")="本轄",IFERROR(INDEX(Tbl案件[歸屬年度],58),0)=(YEAR(今日)-1911)),1,0),0) | S157: =IF(R157=1,SUM($R$100:R157),0) | T157: =IFERROR(IF(AND(IFERROR(INDEX(Tbl案件[案件狀況],58),"")="已破獲未移送",IFERROR(INDEX(Tbl案件[查獲管轄],58),"")="本轄",IFERROR(INDEX(Tbl案件[歸屬年度],58),0)=(YEAR(今日)-1911)),1,0),0) | U157: =IF(T157=1,SUM($T$100:T157),0)
Q158: 59 | R158: =IFERROR(IF(AND(IFERROR(INDEX(Tbl案件[案件狀況],59),"")="尚未偵破",IFERROR(INDEX(Tbl案件[發生管轄],59),"")="本轄",IFERROR(INDEX(Tbl案件[歸屬年度],59),0)=(YEAR(今日)-1911)),1,0),0) | S158: =IF(R158=1,SUM($R$100:R158),0) | T158: =IFERROR(IF(AND(IFERROR(INDEX(Tbl案件[案件狀況],59),"")="已破獲未移送",IFERROR(INDEX(Tbl案件[查獲管轄],59),"")="本轄",IFERROR(INDEX(Tbl案件[歸屬年度],59),0)=(YEAR(今日)-1911)),1,0),0) | U158: =IF(T158=1,SUM($T$100:T158),0)
...

Sheet 發展中案件管制
A1: 📌 發展中案件管制（v2.1 加 承辦人 / 線索來源 / 重大性 三欄）
A2: 主表 9 欄（v43 6 欄 + v2.1 3 欄）+ 頂部三段狀態縮影 + 右側待轉案件候選（70/30 兩翼防呆）
A4: ⚡ 狀態縮影（v2.1 閾值改 7/30 日 — 更敏感）
A6: ="● 新進（≤"&新進閾值&" 日）" | C6: =3
A7: ="⚠ 偵辦中（"&(新進閾值+1)&"-"&老案閾值&" 日）" | C7: =4
A8: ="✕ 老案（>"&老案閾值&" 日）" | C8: =1
A10: ="🔧 閾值：新進 ≤ " & 新進閾值 & " 日 ｜ 老案 > " & 老案閾值 & " 日 ｜ 可在設定表 C 區調整"
A12: 📋 發展中案件主表（v43 6 欄 + v2.1 3 欄輸入 + 2 計算欄） | M12: 📌 待轉案件候選
A13: 編號 | B13: 案由 | C13: 進度 | D13: 執行時間 | E13: 查緝結果 | F13: 備註 | G13: 承辦人 | H13: 線索來源 | I13: 重大性 | J13: 距今 | K13: 狀態 | M13: # | N13: 案由 / 狀態 | O13: 操作
J14: 4 | K14: ● 綠 | M14: 003 | N14: 夜店毒品流通 已成熟 · 24 日 | O14: 轉案件
J15: 14 | K15: ⚠ 黃 | M15: 005 | N15: 外勞集資詐騙 已成熟 · 20 日 | O15: 轉案件
J16: 24 | K16: ⚠ 黃 | M16: 004 | N16: ○○街頭聚賭 老案逾 30 · 36 日 | O16: 評估簽結
J17: 36 | K17: ✕ 紅 | M17: ✏ 偵查佐評估後：「轉案件」者複製欄位 → 貼到頁 5
J18: 20 | K18: ⚠ 黃

Sheet 毒品調驗人口管制
A1: 💊 毒品調驗人口管制（v43 9 欄 + v2.2 加最後到驗日精確 30 日逾期）
A2: =" "&警察局名稱&" · "&分局名稱&" · "&派出所名稱&" ｜ 中華民國 "&(YEAR(今日)-1911)&" 年累計（截至 "&TEXT(今日,"mm/dd")&"）｜ 業務規則：通緝/強採/在監 算到驗 ｜ 距今 > 30 日紅燈"
A4: 💡 主表 9 欄 v43 不動 + 最後到驗日（J）。狀態燈/候選由公式自動驅動 （含距今 > 30 日精確判斷）。毒調率目標可在設定表 C 區調整。
A6: 📊 頂部狀態縮影 + 毒調率（公式自動） | P6: ⚠ 應強採候選清單
A8: 👥 列管總數 | C8: ● 已到驗（含 4 種） | E8: ● 未到驗 | G8: ⚠ 應強採候選
A9: =COUNTA(Tbl毒調[姓名]) | C9: =SUM(Tbl毒調[是否到驗]) | E9: =COUNTA(Tbl毒調[姓名])-SUM(Tbl毒調[是否到驗])-COUNTIF(Tbl毒調[狀態燈],"*結束*") | G9: =SUM(Tbl毒調[候選旗標])
A11: ="毒調率：" & TEXT(IFERROR(SUM(Tbl毒調[是否到驗])/COUNTA(Tbl毒調[姓名]),0),"0.0%")&" ｜ 目標 ≥"&TEXT(毒調率目標,"0%")&" ｜ 狀態："&IF(IFERROR(SUM(Tbl毒調[是否到驗])/COUNTA(Tbl毒調[姓名]),0)>=毒調率目標,"● 達標","● 未達標")
A12: =REPT("█",MIN(20,ROUND(IFERROR(SUM(Tbl毒調[是否到驗])/COUNTA(Tbl毒調[姓名]),0)*20,0)))&REPT("░",20-MIN(20,ROUND(IFERROR(SUM(Tbl毒調[是否到驗])/COUNTA(Tbl毒調[姓名]),0)*20,0)))
A13: 📋 列管人口主表（Tbl毒調 9 欄維持 v43 不動 + 3 計算欄隱藏）
A14: 編號 | B14: 姓名 | C14: 身分證 | D14: 性別 | E14: 住所 | F14: 聯繫 | G14: 通緝 | H14: 管制情形 | I14: 備註 | J14: 最後到驗日 | K14: 距今天數 | L14: 是否到驗 | M14: 狀態燈 | N14: 候選旗標 | P14: 編號 | Q14: 姓名 | R14: 管制狀態 | S14: 操作建議
K15: =IFERROR(IF([@最後到驗日]="","",今日-[@最後到驗日]),"") | L15: =IFERROR(IF([@管制情形]="",0,IF(OR(SUMPRODUCT(--ISNUMBER(SEARCH({"已驗","已到驗","通緝","強採","在監"},[@管制情形])))>0,AND(ISNUMBER([@距今天數]),[@距今天數]<=30)),1,0)),0) | M15: =IFERROR(IF([@管制情形]="","○ 未填",IF(ISNUMBER(SEARCH("解除",[@管制情形])),"○ 結束",IF(AND(ISNUMBER([@距今天數]),[@距今天數]>30),"● 紅",IF([@是否到驗]=1,"● 綠","⚠ 黃")))),"") | N15: =IFERROR(IF(OR(ISNUMBER(SEARCH("未到驗",[@管制情形])),AND(ISNUMBER([@距今天數]),[@距今天數]>30)),1,0),0) | P15: =IFERROR(INDEX(Tbl毒調[編號],MATCH(1,$V$100:$V$169,0)),"") | Q15: =IFERROR(INDEX(Tbl毒調[姓名],MATCH(1,$V$100:$V$169,0)),"") | R15: =IFERROR(INDEX(Tbl毒調[管制情形],MATCH(1,$V$100:$V$169,0)),"") | S15: =IF(P15="","","聲請強採書（30 日內）")
K16: =IFERROR(IF([@最後到驗日]="","",今日-[@最後到驗日]),"") | L16: =IFERROR(IF([@管制情形]="",0,IF(OR(SUMPRODUCT(--ISNUMBER(SEARCH({"已驗","已到驗","通緝","強採","在監"},[@管制情形])))>0,AND(ISNUMBER([@距今天數]),[@距今天數]<=30)),1,0)),0) | M16: =IFERROR(IF([@管制情形]="","○ 未填",IF(ISNUMBER(SEARCH("解除",[@管制情形])),"○ 結束",IF(AND(ISNUMBER([@距今天數]),[@距今天數]>30),"● 紅",IF([@是否到驗]=1,"● 綠","⚠ 黃")))),"") | N16: =IFERROR(IF(OR(ISNUMBER(SEARCH("未到驗",[@管制情形])),AND(ISNUMBER([@距今天數]),[@距今天數]>30)),1,0),0) | P16: =IFERROR(INDEX(Tbl毒調[編號],MATCH(2,$V$100:$V$169,0)),"") | Q16: =IFERROR(INDEX(Tbl毒調[姓名],MATCH(2,$V$100:$V$169,0)),"") | R16: =IFERROR(INDEX(Tbl毒調[管制情形],MATCH(2,$V$100:$V$169,0)),"") | S16: =IF(P16="","","聲請強採書（30 日內）")
K17: =IFERROR(IF([@最後到驗日]="","",今日-[@最後到驗日]),"") | L17: =IFERROR(IF([@管制情形]="",0,IF(OR(SUMPRODUCT(--ISNUMBER(SEARCH({"已驗","已到驗","通緝","強採","在監"},[@管制情形])))>0,AND(ISNUMBER([@距今天數]),[@距今天數]<=30)),1,0)),0) | M17: =IFERROR(IF([@管制情形]="","○ 未填",IF(ISNUMBER(SEARCH("解除",[@管制情形])),"○ 結束",IF(AND(ISNUMBER([@距今天數]),[@距今天數]>30),"● 紅",IF([@是否到驗]=1,"● 綠","⚠ 黃")))),"") | N17: =IFERROR(IF(OR(ISNUMBER(SEARCH("未到驗",[@管制情形])),AND(ISNUMBER([@距今天數]),[@距今天數]>30)),1,0),0) | P17: =IFERROR(INDEX(Tbl毒調[編號],MATCH(3,$V$100:$V$169,0)),"") | Q17: =IFERROR(INDEX(Tbl毒調[姓名],MATCH(3,$V$100:$V$169,0)),"") | R17: =IFERROR(INDEX(Tbl毒調[管制情形],MATCH(3,$V$100:$V$169,0)),"") | S17: =IF(P17="","","聲請強採書（30 日內）")
K18: =IFERROR(IF([@最後到驗日]="","",今日-[@最後到驗日]),"") | L18: =IFERROR(IF([@管制情形]="",0,IF(OR(SUMPRODUCT(--ISNUMBER(SEARCH({"已驗","已到驗","通緝","強採","在監"},[@管制情形])))>0,AND(ISNUMBER([@距今天數]),[@距今天數]<=30)),1,0)),0) | M18: =IFERROR(IF([@管制情形]="","○ 未填",IF(ISNUMBER(SEARCH("解除",[@管制情形])),"○ 結束",IF(AND(ISNUMBER([@距今天數]),[@距今天數]>30),"● 紅",IF([@是否到驗]=1,"● 綠","⚠ 黃")))),"") | N18: =IFERROR(IF(OR(ISNUMBER(SEARCH("未到驗",[@管制情形])),AND(ISNUMBER([@距今天數]),[@距今天數]>30)),1,0),0) | P18: =IFERROR(INDEX(Tbl毒調[編號],MATCH(4,$V$100:$V$169,0)),"") | Q18: =IFERROR(INDEX(Tbl毒調[姓名],MATCH(4,$V$100:$V$169,0)),"") | R18: =IFERROR(INDEX(Tbl毒調[管制情形],MATCH(4,$V$100:$V$169,0)),"") | S18: =IF(P18="","","聲請強採書（30 日內）")
K19: =IFERROR(IF([@最後到驗日]="","",今日-[@最後到驗日]),"") | L19: =IFERROR(IF([@管制情形]="",0,IF(OR(SUMPRODUCT(--ISNUMBER(SEARCH({"已驗","已到驗","通緝","強採","在監"},[@管制情形])))>0,AND(ISNUMBER([@距今天數]),[@距今天數]<=30)),1,0)),0) | M19: =IFERROR(IF([@管制情形]="","○ 未填",IF(ISNUMBER(SEARCH("解除",[@管制情形])),"○ 結束",IF(AND(ISNUMBER([@距今天數]),[@距今天數]>30),"● 紅",IF([@是否到驗]=1,"● 綠","⚠ 黃")))),"") | N19: =IFERROR(IF(OR(ISNUMBER(SEARCH("未到驗",[@管制情形])),AND(ISNUMBER([@距今天數]),[@距今天數]>30)),1,0),0) | P19: =IFERROR(INDEX(Tbl毒調[編號],MATCH(5,$V$100:$V$169,0)),"") | Q19: =IFERROR(INDEX(Tbl毒調[姓名],MATCH(5,$V$100:$V$169,0)),"") | R19: =IFERROR(INDEX(Tbl毒調[管制情形],MATCH(5,$V$100:$V$169,0)),"") | S19: =IF(P19="","","聲請強採書（30 日內）")
K20: =IFERROR(IF([@最後到驗日]="","",今日-[@最後到驗日]),"") | L20: =IFERROR(IF([@管制情形]="",0,IF(OR(SUMPRODUCT(--ISNUMBER(SEARCH({"已驗","已到驗","通緝","強採","在監"},[@管制情形])))>0,AND(ISNUMBER([@距今天數]),[@距今天數]<=30)),1,0)),0) | M20: =IFERROR(IF([@管制情形]="","○ 未填",IF(ISNUMBER(SEARCH("解除",[@管制情形])),"○ 結束",IF(AND(ISNUMBER([@距今天數]),[@距今天數]>30),"● 紅",IF([@是否到驗]=1,"● 綠","⚠ 黃")))),"") | N20: =IFERROR(IF(OR(ISNUMBER(SEARCH("未到驗",[@管制情形])),AND(ISNUMBER([@距今天數]),[@距今天數]>30)),1,0),0) | P20: =IFERROR(INDEX(Tbl毒調[編號],MATCH(6,$V$100:$V$169,0)),"") | Q20: =IFERROR(INDEX(Tbl毒調[姓名],MATCH(6,$V$100:$V$169,0)),"") | R20: =IFERROR(INDEX(Tbl毒調[管制情形],MATCH(6,$V$100:$V$169,0)),"") | S20: =IF(P20="","","聲請強採書（30 日內）")
K21: =IFERROR(IF([@最後到驗日]="","",今日-[@最後到驗日]),"") | L21: =IFERROR(IF([@管制情形]="",0,IF(OR(SUMPRODUCT(--ISNUMBER(SEARCH({"已驗","已到驗","通緝","強採","在監"},[@管制情形])))>0,AND(ISNUMBER([@距今天數]),[@距今天數]<=30)),1,0)),0) | M21: =IFERROR(IF([@管制情形]="","○ 未填",IF(ISNUMBER(SEARCH("解除",[@管制情形])),"○ 結束",IF(AND(ISNUMBER([@距今天數]),[@距今天數]>30),"● 紅",IF([@是否到驗]=1,"● 綠","⚠ 黃")))),"") | N21: =IFERROR(IF(OR(ISNUMBER(SEARCH("未到驗",[@管制情形])),AND(ISNUMBER([@距今天數]),[@距今天數]>30)),1,0),0) | P21: =IFERROR(INDEX(Tbl毒調[編號],MATCH(7,$V$100:$V$169,0)),"") | Q21: =IFERROR(INDEX(Tbl毒調[姓名],MATCH(7,$V$100:$V$169,0)),"") | R21: =IFERROR(INDEX(Tbl毒調[管制情形],MATCH(7,$V$100:$V$169,0)),"") | S21: =IF(P21="","","聲請強採書（30 日內）")
K22: =IFERROR(IF([@最後到驗日]="","",今日-[@最後到驗日]),"") | L22: =IFERROR(IF([@管制情形]="",0,IF(OR(SUMPRODUCT(--ISNUMBER(SEARCH({"已驗","已到驗","通緝","強採","在監"},[@管制情形])))>0,AND(ISNUMBER([@距今天數]),[@距今天數]<=30)),1,0)),0) | M22: =IFERROR(IF([@管制情形]="","○ 未填",IF(ISNUMBER(SEARCH("解除",[@管制情形])),"○ 結束",IF(AND(ISNUMBER([@距今天數]),[@距今天數]>30),"● 紅",IF([@是否到驗]=1,"● 綠","⚠ 黃")))),"") | N22: =IFERROR(IF(OR(ISNUMBER(SEARCH("未到驗",[@管制情形])),AND(ISNUMBER([@距今天數]),[@距今天數]>30)),1,0),0) | P22: =IFERROR(INDEX(Tbl毒調[編號],MATCH(8,$V$100:$V$169,0)),"") | Q22: =IFERROR(INDEX(Tbl毒調[姓名],MATCH(8,$V$100:$V$169,0)),"") | R22: =IFERROR(INDEX(Tbl毒調[管制情形],MATCH(8,$V$100:$V$169,0)),"") | S22: =IF(P22="","","聲請強採書（30 日內）")
K23: =IFERROR(IF([@最後到驗日]="","",今日-[@最後到驗日]),"") | L23: =IFERROR(IF([@管制情形]="",0,IF(OR(SUMPRODUCT(--ISNUMBER(SEARCH({"已驗","已到驗","通緝","強採","在監"},[@管制情形])))>0,AND(ISNUMBER([@距今天數]),[@距今天數]<=30)),1,0)),0) | M23: =IFERROR(IF([@管制情形]="","○ 未填",IF(ISNUMBER(SEARCH("解除",[@管制情形])),"○ 結束",IF(AND(ISNUMBER([@距今天數]),[@距今天數]>30),"● 紅",IF([@是否到驗]=1,"● 綠","⚠ 黃")))),"") | N23: =IFERROR(IF(OR(ISNUMBER(SEARCH("未到驗",[@管制情形])),AND(ISNUMBER([@距今天數]),[@距今天數]>30)),1,0),0) | P23: =IFERROR(INDEX(Tbl毒調[編號],MATCH(9,$V$100:$V$169,0)),"") | Q23: =IFERROR(INDEX(Tbl毒調[姓名],MATCH(9,$V$100:$V$169,0)),"") | R23: =IFERROR(INDEX(Tbl毒調[管制情形],MATCH(9,$V$100:$V$169,0)),"") | S23: =IF(P23="","","聲請強採書（30 日內）")
K24: =IFERROR(IF([@最後到驗日]="","",今日-[@最後到驗日]),"") | L24: =IFERROR(IF([@管制情形]="",0,IF(OR(SUMPRODUCT(--ISNUMBER(SEARCH({"已驗","已到驗","通緝","強採","在監"},[@管制情形])))>0,AND(ISNUMBER([@距今天數]),[@距今天數]<=30)),1,0)),0) | M24: =IFERROR(IF([@管制情形]="","○ 未填",IF(ISNUMBER(SEARCH("解除",[@管制情形])),"○ 結束",IF(AND(ISNUMBER([@距今天數]),[@距今天數]>30),"● 紅",IF([@是否到驗]=1,"● 綠","⚠ 黃")))),"") | N24: =IFERROR(IF(OR(ISNUMBER(SEARCH("未到驗",[@管制情形])),AND(ISNUMBER([@距今天數]),[@距今天數]>30)),1,0),0) | P24: =IFERROR(INDEX(Tbl毒調[編號],MATCH(10,$V$100:$V$169,0)),"") | Q24: =IFERROR(INDEX(Tbl毒調[姓名],MATCH(10,$V$100:$V$169,0)),"") | R24: =IFERROR(INDEX(Tbl毒調[管制情形],MATCH(10,$V$100:$V$169,0)),"") | S24: =IF(P24="","","聲請強採書（30 日內）")
K25: =IFERROR(IF([@最後到驗日]="","",今日-[@最後到驗日]),"") | L25: =IFERROR(IF([@管制情形]="",0,IF(OR(SUMPRODUCT(--ISNUMBER(SEARCH({"已驗","已到驗","通緝","強採","在監"},[@管制情形])))>0,AND(ISNUMBER([@距今天數]),[@距今天數]<=30)),1,0)),0) | M25: =IFERROR(IF([@管制情形]="","○ 未填",IF(ISNUMBER(SEARCH("解除",[@管制情形])),"○ 結束",IF(AND(ISNUMBER([@距今天數]),[@距今天數]>30),"● 紅",IF([@是否到驗]=1,"● 綠","⚠ 黃")))),"") | N25: =IFERROR(IF(OR(ISNUMBER(SEARCH("未到驗",[@管制情形])),AND(ISNUMBER([@距今天數]),[@距今天數]>30)),1,0),0) | P25: =IFERROR(INDEX(Tbl毒調[編號],MATCH(11,$V$100:$V$169,0)),"") | Q25: =IFERROR(INDEX(Tbl毒調[姓名],MATCH(11,$V$100:$V$169,0)),"") | R25: =IFERROR(INDEX(Tbl毒調[管制情形],MATCH(11,$V$100:$V$169,0)),"") | S25: =IF(P25="","","聲請強採書（30 日內）")
K26: =IFERROR(IF([@最後到驗日]="","",今日-[@最後到驗日]),"") | L26: =IFERROR(IF([@管制情形]="",0,IF(OR(SUMPRODUCT(--ISNUMBER(SEARCH({"已驗","已到驗","通緝","強採","在監"},[@管制情形])))>0,AND(ISNUMBER([@距今天數]),[@距今天數]<=30)),1,0)),0) | M26: =IFERROR(IF([@管制情形]="","○ 未填",IF(ISNUMBER(SEARCH("解除",[@管制情形])),"○ 結束",IF(AND(ISNUMBER([@距今天數]),[@距今天數]>30),"● 紅",IF([@是否到驗]=1,"● 綠","⚠ 黃")))),"") | N26: =IFERROR(IF(OR(ISNUMBER(SEARCH("未到驗",[@管制情形])),AND(ISNUMBER([@距今天數]),[@距今天數]>30)),1,0),0) | P26: =IFERROR(INDEX(Tbl毒調[編號],MATCH(12,$V$100:$V$169,0)),"") | Q26: =IFERROR(INDEX(Tbl毒調[姓名],MATCH(12,$V$100:$V$169,0)),"") | R26: =IFERROR(INDEX(Tbl毒調[管制情形],MATCH(12,$V$100:$V$169,0)),"") | S26: =IF(P26="","","聲請強採書（30 日內）")
K27: =IFERROR(IF([@最後到驗日]="","",今日-[@最後到驗日]),"") | L27: =IFERROR(IF([@管制情形]="",0,IF(OR(SUMPRODUCT(--ISNUMBER(SEARCH({"已驗","已到驗","通緝","強採","在監"},[@管制情形])))>0,AND(ISNUMBER([@距今天數]),[@距今天數]<=30)),1,0)),0) | M27: =IFERROR(IF([@管制情形]="","○ 未填",IF(ISNUMBER(SEARCH("解除",[@管制情形])),"○ 結束",IF(AND(ISNUMBER([@距今天數]),[@距今天數]>30),"● 紅",IF([@是否到驗]=1,"● 綠","⚠ 黃")))),"") | N27: =IFERROR(IF(OR(ISNUMBER(SEARCH("未到驗",[@管制情形])),AND(ISNUMBER([@距今天數]),[@距今天數]>30)),1,0),0) | P27: =IFERROR(INDEX(Tbl毒調[編號],MATCH(13,$V$100:$V$169,0)),"") | Q27: =IFERROR(INDEX(Tbl毒調[姓名],MATCH(13,$V$100:$V$169,0)),"") | R27: =IFERROR(INDEX(Tbl毒調[管制情形],MATCH(13,$V$100:$V$169,0)),"") | S27: =IF(P27="","","聲請強採書（30 日內）")
K28: =IFERROR(IF([@最後到驗日]="","",今日-[@最後到驗日]),"") | L28: =IFERROR(IF([@管制情形]="",0,IF(OR(SUMPRODUCT(--ISNUMBER(SEARCH({"已驗","已到驗","通緝","強採","在監"},[@管制情形])))>0,AND(ISNUMBER([@距今天數]),[@距今天數]<=30)),1,0)),0) | M28: =IFERROR(IF([@管制情形]="","○ 未填",IF(ISNUMBER(SEARCH("解除",[@管制情形])),"○ 結束",IF(AND(ISNUMBER([@距今天數]),[@距今天數]>30),"● 紅",IF([@是否到驗]=1,"● 綠","⚠ 黃")))),"") | N28: =IFERROR(IF(OR(ISNUMBER(SEARCH("未到驗",[@管制情形])),AND(ISNUMBER([@距今天數]),[@距今天數]>30)),1,0),0) | P28: =IFERROR(INDEX(Tbl毒調[編號],MATCH(14,$V$100:$V$169,0)),"") | Q28: =IFERROR(INDEX(Tbl毒調[姓名],MATCH(14,$V$100:$V$169,0)),"") | R28: =IFERROR(INDEX(Tbl毒調[管制情形],MATCH(14,$V$100:$V$169,0)),"") | S28: =IF(P28="","","聲請強採書（30 日內）")
K29: =IFERROR(IF([@最後到驗日]="","",今日-[@最後到驗日]),"") | L29: =IFERROR(IF([@管制情形]="",0,IF(OR(SUMPRODUCT(--ISNUMBER(SEARCH({"已驗","已到驗","通緝","強採","在監"},[@管制情形])))>0,AND(ISNUMBER([@距今天數]),[@距今天數]<=30)),1,0)),0) | M29: =IFERROR(IF([@管制情形]="","○ 未填",IF(ISNUMBER(SEARCH("解除",[@管制情形])),"○ 結束",IF(AND(ISNUMBER([@距今天數]),[@距今天數]>30),"● 紅",IF([@是否到驗]=1,"● 綠","⚠ 黃")))),"") | N29: =IFERROR(IF(OR(ISNUMBER(SEARCH("未到驗",[@管制情形])),AND(ISNUMBER([@距今天數]),[@距今天數]>30)),1,0),0) | P29: =IFERROR(INDEX(Tbl毒調[編號],MATCH(15,$V$100:$V$169,0)),"") | Q29: =IFERROR(INDEX(Tbl毒調[姓名],MATCH(15,$V$100:$V$169,0)),"") | R29: =IFERROR(INDEX(Tbl毒調[管制情形],MATCH(15,$V$100:$V$169,0)),"") | S29: =IF(P29="","","聲請強採書（30 日內）")
K30: =IFERROR(IF([@最後到驗日]="","",今日-[@最後到驗日]),"") | L30: =IFERROR(IF([@管制情形]="",0,IF(OR(SUMPRODUCT(--ISNUMBER(SEARCH({"已驗","已到驗","通緝","強採","在監"},[@管制情形])))>0,AND(ISNUMBER([@距今天數]),[@距今天數]<=30)),1,0)),0) | M30: =IFERROR(IF([@管制情形]="","○ 未填",IF(ISNUMBER(SEARCH("解除",[@管制情形])),"○ 結束",IF(AND(ISNUMBER([@距今天數]),[@距今天數]>30),"● 紅",IF([@是否到驗]=1,"● 綠","⚠ 黃")))),"") | N30: =IFERROR(IF(OR(ISNUMBER(SEARCH("未到驗",[@管制情形])),AND(ISNUMBER([@距今天數]),[@距今天數]>30)),1,0),0) | P30: =IFERROR(INDEX(Tbl毒調[編號],MATCH(16,$V$100:$V$169,0)),"") | Q30: =IFERROR(INDEX(Tbl毒調[姓名],MATCH(16,$V$100:$V$169,0)),"") | R30: =IFERROR(INDEX(Tbl毒調[管制情形],MATCH(16,$V$100:$V$169,0)),"") | S30: =IF(P30="","","聲請強採書（30 日內）")
K31: =IFERROR(IF([@最後到驗日]="","",今日-[@最後到驗日]),"") | L31: =IFERROR(IF([@管制情形]="",0,IF(OR(SUMPRODUCT(--ISNUMBER(SEARCH({"已驗","已到驗","通緝","強採","在監"},[@管制情形])))>0,AND(ISNUMBER([@距今天數]),[@距今天數]<=30)),1,0)),0) | M31: =IFERROR(IF([@管制情形]="","○ 未填",IF(ISNUMBER(SEARCH("解除",[@管制情形])),"○ 結束",IF(AND(ISNUMBER([@距今天數]),[@距今天數]>30),"● 紅",IF([@是否到驗]=1,"● 綠","⚠ 黃")))),"") | N31: =IFERROR(IF(OR(ISNUMBER(SEARCH("未到驗",[@管制情形])),AND(ISNUMBER([@距今天數]),[@距今天數]>30)),1,0),0) | P31: ="本表最多顯示 16 個候選；超出請至主表 H 欄篩選『未到驗』或最後到驗日逾 30 日"
K32: =IFERROR(IF([@最後到驗日]="","",今日-[@最後到驗日]),"") | L32: =IFERROR(IF([@管制情形]="",0,IF(OR(SUMPRODUCT(--ISNUMBER(SEARCH({"已驗","已到驗","通緝","強採","在監"},[@管制情形])))>0,AND(ISNUMBER([@距今天數]),[@距今天數]<=30)),1,0)),0) | M32: =IFERROR(IF([@管制情形]="","○ 未填",IF(ISNUMBER(SEARCH("解除",[@管制情形])),"○ 結束",IF(AND(ISNUMBER([@距今天數]),[@距今天數]>30),"● 紅",IF([@是否到驗]=1,"● 綠","⚠ 黃")))),"") | N32: =IFERROR(IF(OR(ISNUMBER(SEARCH("未到驗",[@管制情形])),AND(ISNUMBER([@距今天數]),[@距今天數]>30)),1,0),0)
K33: =IFERROR(IF([@最後到驗日]="","",今日-[@最後到驗日]),"") | L33: =IFERROR(IF([@管制情形]="",0,IF(OR(SUMPRODUCT(--ISNUMBER(SEARCH({"已驗","已到驗","通緝","強採","在監"},[@管制情形])))>0,AND(ISNUMBER([@距今天數]),[@距今天數]<=30)),1,0)),0) | M33: =IFERROR(IF([@管制情形]="","○ 未填",IF(ISNUMBER(SEARCH("解除",[@管制情形])),"○ 結束",IF(AND(ISNUMBER([@距今天數]),[@距今天數]>30),"● 紅",IF([@是否到驗]=1,"● 綠","⚠ 黃")))),"") | N33: =IFERROR(IF(OR(ISNUMBER(SEARCH("未到驗",[@管制情形])),AND(ISNUMBER([@距今天數]),[@距今天數]>30)),1,0),0)
K34: =IFERROR(IF([@最後到驗日]="","",今日-[@最後到驗日]),"") | L34: =IFERROR(IF([@管制情形]="",0,IF(OR(SUMPRODUCT(--ISNUMBER(SEARCH({"已驗","已到驗","通緝","強採","在監"},[@管制情形])))>0,AND(ISNUMBER([@距今天數]),[@距今天數]<=30)),1,0)),0) | M34: =IFERROR(IF([@管制情形]="","○ 未填",IF(ISNUMBER(SEARCH("解除",[@管制情形])),"○ 結束",IF(AND(ISNUMBER([@距今天數]),[@距今天數]>30),"● 紅",IF([@是否到驗]=1,"● 綠","⚠ 黃")))),"") | N34: =IFERROR(IF(OR(ISNUMBER(SEARCH("未到驗",[@管制情形])),AND(ISNUMBER([@距今天數]),[@距今天數]>30)),1,0),0)
K35: =IFERROR(IF([@最後到驗日]="","",今日-[@最後到驗日]),"") | L35: =IFERROR(IF([@管制情形]="",0,IF(OR(SUMPRODUCT(--ISNUMBER(SEARCH({"已驗","已到驗","通緝","強採","在監"},[@管制情形])))>0,AND(ISNUMBER([@距今天數]),[@距今天數]<=30)),1,0)),0) | M35: =IFERROR(IF([@管制情形]="","○ 未填",IF(ISNUMBER(SEARCH("解除",[@管制情形])),"○ 結束",IF(AND(ISNUMBER([@距今天數]),[@距今天數]>30),"● 紅",IF([@是否到驗]=1,"● 綠","⚠ 黃")))),"") | N35: =IFERROR(IF(OR(ISNUMBER(SEARCH("未到驗",[@管制情形])),AND(ISNUMBER([@距今天數]),[@距今天數]>30)),1,0),0)
K36: =IFERROR(IF([@最後到驗日]="","",今日-[@最後到驗日]),"") | L36: =IFERROR(IF([@管制情形]="",0,IF(OR(SUMPRODUCT(--ISNUMBER(SEARCH({"已驗","已到驗","通緝","強採","在監"},[@管制情形])))>0,AND(ISNUMBER([@距今天數]),[@距今天數]<=30)),1,0)),0) | M36: =IFERROR(IF([@管制情形]="","○ 未填",IF(ISNUMBER(SEARCH("解除",[@管制情形])),"○ 結束",IF(AND(ISNUMBER([@距今天數]),[@距今天數]>30),"● 紅",IF([@是否到驗]=1,"● 綠","⚠ 黃")))),"") | N36: =IFERROR(IF(OR(ISNUMBER(SEARCH("未到驗",[@管制情形])),AND(ISNUMBER([@距今天數]),[@距今天數]>30)),1,0),0)
K37: =IFERROR(IF([@最後到驗日]="","",今日-[@最後到驗日]),"") | L37: =IFERROR(IF([@管制情形]="",0,IF(OR(SUMPRODUCT(--ISNUMBER(SEARCH({"已驗","已到驗","通緝","強採","在監"},[@管制情形])))>0,AND(ISNUMBER([@距今天數]),[@距今天數]<=30)),1,0)),0) | M37: =IFERROR(IF([@管制情形]="","○ 未填",IF(ISNUMBER(SEARCH("解除",[@管制情形])),"○ 結束",IF(AND(ISNUMBER([@距今天數]),[@距今天數]>30),"● 紅",IF([@是否到驗]=1,"● 綠","⚠ 黃")))),"") | N37: =IFERROR(IF(OR(ISNUMBER(SEARCH("未到驗",[@管制情形])),AND(ISNUMBER([@距今天數]),[@距今天數]>30)),1,0),0)
K38: =IFERROR(IF([@最後到驗日]="","",今日-[@最後到驗日]),"") | L38: =IFERROR(IF([@管制情形]="",0,IF(OR(SUMPRODUCT(--ISNUMBER(SEARCH({"已驗","已到驗","通緝","強採","在監"},[@管制情形])))>0,AND(ISNUMBER([@距今天數]),[@距今天數]<=30)),1,0)),0) | M38: =IFERROR(IF([@管制情形]="","○ 未填",IF(ISNUMBER(SEARCH("解除",[@管制情形])),"○ 結束",IF(AND(ISNUMBER([@距今天數]),[@距今天數]>30),"● 紅",IF([@是否到驗]=1,"● 綠","⚠ 黃")))),"") | N38: =IFERROR(IF(OR(ISNUMBER(SEARCH("未到驗",[@管制情形])),AND(ISNUMBER([@距今天數]),[@距今天數]>30)),1,0),0)
K39: =IFERROR(IF([@最後到驗日]="","",今日-[@最後到驗日]),"") | L39: =IFERROR(IF([@管制情形]="",0,IF(OR(SUMPRODUCT(--ISNUMBER(SEARCH({"已驗","已到驗","通緝","強採","在監"},[@管制情形])))>0,AND(ISNUMBER([@距今天數]),[@距今天數]<=30)),1,0)),0) | M39: =IFERROR(IF([@管制情形]="","○ 未填",IF(ISNUMBER(SEARCH("解除",[@管制情形])),"○ 結束",IF(AND(ISNUMBER([@距今天數]),[@距今天數]>30),"● 紅",IF([@是否到驗]=1,"● 綠","⚠ 黃")))),"") | N39: =IFERROR(IF(OR(ISNUMBER(SEARCH("未到驗",[@管制情形])),AND(ISNUMBER([@距今天數]),[@距今天數]>30)),1,0),0)
K40: =IFERROR(IF([@最後到驗日]="","",今日-[@最後到驗日]),"") | L40: =IFERROR(IF([@管制情形]="",0,IF(OR(SUMPRODUCT(--ISNUMBER(SEARCH({"已驗","已到驗","通緝","強採","在監"},[@管制情形])))>0,AND(ISNUMBER([@距今天數]),[@距今天數]<=30)),1,0)),0) | M40: =IFERROR(IF([@管制情形]="","○ 未填",IF(ISNUMBER(SEARCH("解除",[@管制情形])),"○ 結束",IF(AND(ISNUMBER([@距今天數]),[@距今天數]>30),"● 紅",IF([@是否到驗]=1,"● 綠","⚠ 黃")))),"") | N40: =IFERROR(IF(OR(ISNUMBER(SEARCH("未到驗",[@管制情形])),AND(ISNUMBER([@距今天數]),[@距今天數]>30)),1,0),0)
K41: =IFERROR(IF([@最後到驗日]="","",今日-[@最後到驗日]),"") | L41: =IFERROR(IF([@管制情形]="",0,IF(OR(SUMPRODUCT(--ISNUMBER(SEARCH({"已驗","已到驗","通緝","強採","在監"},[@管制情形])))>0,AND(ISNUMBER([@距今天數]),[@距今天數]<=30)),1,0)),0) | M41: =IFERROR(IF([@管制情形]="","○ 未填",IF(ISNUMBER(SEARCH("解除",[@管制情形])),"○ 結束",IF(AND(ISNUMBER([@距今天數]),[@距今天數]>30),"● 紅",IF([@是否到驗]=1,"● 綠","⚠ 黃")))),"") | N41: =IFERROR(IF(OR(ISNUMBER(SEARCH("未到驗",[@管制情形])),AND(ISNUMBER([@距今天數]),[@距今天數]>30)),1,0),0)
K42: =IFERROR(IF([@最後到驗日]="","",今日-[@最後到驗日]),"") | L42: =IFERROR(IF([@管制情形]="",0,IF(OR(SUMPRODUCT(--ISNUMBER(SEARCH({"已驗","已到驗","通緝","強採","在監"},[@管制情形])))>0,AND(ISNUMBER([@距今天數]),[@距今天數]<=30)),1,0)),0) | M42: =IFERROR(IF([@管制情形]="","○ 未填",IF(ISNUMBER(SEARCH("解除",[@管制情形])),"○ 結束",IF(AND(ISNUMBER([@距今天數]),[@距今天數]>30),"● 紅",IF([@是否到驗]=1,"● 綠","⚠ 黃")))),"") | N42: =IFERROR(IF(OR(ISNUMBER(SEARCH("未到驗",[@管制情形])),AND(ISNUMBER([@距今天數]),[@距今天數]>30)),1,0),0)
K43: =IFERROR(IF([@最後到驗日]="","",今日-[@最後到驗日]),"") | L43: =IFERROR(IF([@管制情形]="",0,IF(OR(SUMPRODUCT(--ISNUMBER(SEARCH({"已驗","已到驗","通緝","強採","在監"},[@管制情形])))>0,AND(ISNUMBER([@距今天數]),[@距今天數]<=30)),1,0)),0) | M43: =IFERROR(IF([@管制情形]="","○ 未填",IF(ISNUMBER(SEARCH("解除",[@管制情形])),"○ 結束",IF(AND(ISNUMBER([@距今天數]),[@距今天數]>30),"● 紅",IF([@是否到驗]=1,"● 綠","⚠ 黃")))),"") | N43: =IFERROR(IF(OR(ISNUMBER(SEARCH("未到驗",[@管制情形])),AND(ISNUMBER([@距今天數]),[@距今天數]>30)),1,0),0)
... K84: =IFERROR(IF([@最後到驗日]="","",今日-[@最後到驗日]),"") | L84: =IFERROR(IF([@管制情形]="",0,IF(OR(SUMPRODUCT(--ISNUMBER(SEARCH({"已驗","已到驗","通緝","強採","在監"},[@管制情形])))>0,AND(ISNUMBER([@距今天數]),[@距今天數]<=30)),1,0)),0) | M84: =IFERROR(IF([@管制情形]="","○ 未填",IF(ISNUMBER(SEARCH("解除",[@管制情形])),"○ 結束",IF(AND(ISNUMBER([@距今天數]),[@距今天數]>30),"● 紅",IF([@是否到驗]=1,"● 綠","⚠ 黃")))),"") | N84: =IFERROR(IF(OR(ISNUMBER(SEARCH("未到驗",[@管制情形])),AND(ISNUMBER([@距今天數]),[@距今天數]>30)),1,0),0)
T99: [helper] 候選 seq | U99: 候選旗標 | V99: 候選順序
T100: 1 | U100: =IFERROR(INDEX(Tbl毒調[候選旗標],1),0) | V100: =IF(U100=1,SUM($U$100:U100),0)
T101: 2 | U101: =IFERROR(INDEX(Tbl毒調[候選旗標],2),0) | V101: =IF(U101=1,SUM($U$100:U101),0)
T102: 3 | U102: =IFERROR(INDEX(Tbl毒調[候選旗標],3),0) | V102: =IF(U102=1,SUM($U$100:U102),0)
T103: 4 | U103: =IFERROR(INDEX(Tbl毒調[候選旗標],4),0) | V103: =IF(U103=1,SUM($U$100:U103),0)
T104: 5 | U104: =IFERROR(INDEX(Tbl毒調[候選旗標],5),0) | V104: =IF(U104=1,SUM($U$100:U104),0)
T105: 6 | U105: =IFERROR(INDEX(Tbl毒調[候選旗標],6),0) | V105: =IF(U105=1,SUM($U$100:U105),0)
T106: 7 | U106: =IFERROR(INDEX(Tbl毒調[候選旗標],7),0) | V106: =IF(U106=1,SUM($U$100:U106),0)
T107: 8 | U107: =IFERROR(INDEX(Tbl毒調[候選旗標],8),0) | V107: =IF(U107=1,SUM($U$100:U107),0)
T108: 9 | U108: =IFERROR(INDEX(Tbl毒調[候選旗標],9),0) | V108: =IF(U108=1,SUM($U$100:U108),0)
T109: 10 | U109: =IFERROR(INDEX(Tbl毒調[候選旗標],10),0) | V109: =IF(U109=1,SUM($U$100:U109),0)
T110: 11 | U110: =IFERROR(INDEX(Tbl毒調[候選旗標],11),0) | V110: =IF(U110=1,SUM($U$100:U110),0)
T111: 12 | U111: =IFERROR(INDEX(Tbl毒調[候選旗標],12),0) | V111: =IF(U111=1,SUM($U$100:U111),0)
T112: 13 | U112: =IFERROR(INDEX(Tbl毒調[候選旗標],13),0) | V112: =IF(U112=1,SUM($U$100:U112),0)
T113: 14 | U113: =IFERROR(INDEX(Tbl毒調[候選旗標],14),0) | V113: =IF(U113=1,SUM($U$100:U113),0)
T114: 15 | U114: =IFERROR(INDEX(Tbl毒調[候選旗標],15),0) | V114: =IF(U114=1,SUM($U$100:U114),0)
T115: 16 | U115: =IFERROR(INDEX(Tbl毒調[候選旗標],16),0) | V115: =IF(U115=1,SUM($U$100:U115),0)
T116: 17 | U116: =IFERROR(INDEX(Tbl毒調[候選旗標],17),0) | V116: =IF(U116=1,SUM($U$100:U116),0)
T117: 18 | U117: =IFERROR(INDEX(Tbl毒調[候選旗標],18),0) | V117: =IF(U117=1,SUM($U$100:U117),0)
T118: 19 | U118: =IFERROR(INDEX(Tbl毒調[候選旗標],19),0) | V118: =IF(U118=1,SUM($U$100:U118),0)
T119: 20 | U119: =IFERROR(INDEX(Tbl毒調[候選旗標],20),0) | V119: =IF(U119=1,SUM($U$100:U119),0)
T120: 21 | U120: =IFERROR(INDEX(Tbl毒調[候選旗標],21),0) | V120: =IF(U120=1,SUM($U$100:U120),0)
T121: 22 | U121: =IFERROR(INDEX(Tbl毒調[候選旗標],22),0) | V121: =IF(U121=1,SUM($U$100:U121),0)
T122: 23 | U122: =IFERROR(INDEX(Tbl毒調[候選旗標],23),0) | V122: =IF(U122=1,SUM($U$100:U122),0)
T123: 24 | U123: =IFERROR(INDEX(Tbl毒調[候選旗標],24),0) | V123: =IF(U123=1,SUM($U$100:U123),0)
T124: 25 | U124: =IFERROR(INDEX(Tbl毒調[候選旗標],25),0) | V124: =IF(U124=1,SUM($U$100:U124),0)
T125: 26 | U125: =IFERROR(INDEX(Tbl毒調[候選旗標],26),0) | V125: =IF(U125=1,SUM($U$100:U125),0)
T126: 27 | U126: =IFERROR(INDEX(Tbl毒調[候選旗標],27),0) | V126: =IF(U126=1,SUM($U$100:U126),0)
T127: 28 | U127: =IFERROR(INDEX(Tbl毒調[候選旗標],28),0) | V127: =IF(U127=1,SUM($U$100:U127),0)
T128: 29 | U128: =IFERROR(INDEX(Tbl毒調[候選旗標],29),0) | V128: =IF(U128=1,SUM($U$100:U128),0)
T129: 30 | U129: =IFERROR(INDEX(Tbl毒調[候選旗標],30),0) | V129: =IF(U129=1,SUM($U$100:U129),0)
T130: 31 | U130: =IFERROR(INDEX(Tbl毒調[候選旗標],31),0) | V130: =IF(U130=1,SUM($U$100:U130),0)
T131: 32 | U131: =IFERROR(INDEX(Tbl毒調[候選旗標],32),0) | V131: =IF(U131=1,SUM($U$100:U131),0)
T132: 33 | U132: =IFERROR(INDEX(Tbl毒調[候選旗標],33),0) | V132: =IF(U132=1,SUM($U$100:U132),0)
T133: 34 | U133: =IFERROR(INDEX(Tbl毒調[候選旗標],34),0) | V133: =IF(U133=1,SUM($U$100:U133),0)
T134: 35 | U134: =IFERROR(INDEX(Tbl毒調[候選旗標],35),0) | V134: =IF(U134=1,SUM($U$100:U134),0)
T135: 36 | U135: =IFERROR(INDEX(Tbl毒調[候選旗標],36),0) | V135: =IF(U135=1,SUM($U$100:U135),0)
T136: 37 | U136: =IFERROR(INDEX(Tbl毒調[候選旗標],37),0) | V136: =IF(U136=1,SUM($U$100:U136),0)
T137: 38 | U137: =IFERROR(INDEX(Tbl毒調[候選旗標],38),0) | V137: =IF(U137=1,SUM($U$100:U137),0)
T138: 39 | U138: =IFERROR(INDEX(Tbl毒調[候選旗標],39),0) | V138: =IF(U138=1,SUM($U$100:U138),0)
T139: 40 | U139: =IFERROR(INDEX(Tbl毒調[候選旗標],40),0) | V139: =IF(U139=1,SUM($U$100:U139),0)
T140: 41 | U140: =IFERROR(INDEX(Tbl毒調[候選旗標],41),0) | V140: =IF(U140=1,SUM($U$100:U140),0)
T141: 42 | U141: =IFERROR(INDEX(Tbl毒調[候選旗標],42),0) | V141: =IF(U141=1,SUM($U$100:U141),0)
T142: 43 | U142: =IFERROR(INDEX(Tbl毒調[候選旗標],43),0) | V142: =IF(U142=1,SUM($U$100:U142),0)
T143: 44 | U143: =IFERROR(INDEX(Tbl毒調[候選旗標],44),0) | V143: =IF(U143=1,SUM($U$100:U143),0)
T144: 45 | U144: =IFERROR(INDEX(Tbl毒調[候選旗標],45),0) | V144: =IF(U144=1,SUM($U$100:U144),0)
T145: 46 | U145: =IFERROR(INDEX(Tbl毒調[候選旗標],46),0) | V145: =IF(U145=1,SUM($U$100:U145),0)
T146: 47 | U146: =IFERROR(INDEX(Tbl毒調[候選旗標],47),0) | V146: =IF(U146=1,SUM($U$100:U146),0)
T147: 48 | U147: =IFERROR(INDEX(Tbl毒調[候選旗標],48),0) | V147: =IF(U147=1,SUM($U$100:U147),0)
T148: 49 | U148: =IFERROR(INDEX(Tbl毒調[候選旗標],49),0) | V148: =IF(U148=1,SUM($U$100:U148),0)
T149: 50 | U149: =IFERROR(INDEX(Tbl毒調[候選旗標],50),0) | V149: =IF(U149=1,SUM($U$100:U149),0)
T150: 51 | U150: =IFERROR(INDEX(Tbl毒調[候選旗標],51),0) | V150: =IF(U150=1,SUM($U$100:U150),0)
T151: 52 | U151: =IFERROR(INDEX(Tbl毒調[候選旗標],52),0) | V151: =IF(U151=1,SUM($U$100:U151),0)
T152: 53 | U152: =IFERROR(INDEX(Tbl毒調[候選旗標],53),0) | V152: =IF(U152=1,SUM($U$100:U152),0)
T153: 54 | U153: =IFERROR(INDEX(Tbl毒調[候選旗標],54),0) | V153: =IF(U153=1,SUM($U$100:U153),0)
T154: 55 | U154: =IFERROR(INDEX(Tbl毒調[候選旗標],55),0) | V154: =IF(U154=1,SUM($U$100:U154),0)
T155: 56 | U155: =IFERROR(INDEX(Tbl毒調[候選旗標],56),0) | V155: =IF(U155=1,SUM($U$100:U155),0)
T156: 57 | U156: =IFERROR(INDEX(Tbl毒調[候選旗標],57),0) | V156: =IF(U156=1,SUM($U$100:U156),0)
T157: 58 | U157: =IFERROR(INDEX(Tbl毒調[候選旗標],58),0) | V157: =IF(U157=1,SUM($U$100:U157),0)
T158: 59 | U158: =IFERROR(INDEX(Tbl毒調[候選旗標],59),0) | V158: =IF(U158=1,SUM($U$100:U158),0)
...

Sheet 交通績效管制
A1: 🚦 交通績效管制（達成率看板）
A2: 12 項違規取締目標達成率 ｜ 資料來源：Tbl交通（頁 9.5 取締明細）｜ 目標：設定表 E 區
A4: 💡 本頁公式自動：到頁 9.5 取締明細填新案件 → 本頁達成率/狀態燈即時更新。目標值請去設定表 E 區調整
A6: 📊 達標縮影（公式自動）
A7: ● 達標項數 | C7: ⚠ 未達標項數 | E7: 📊 總達成率
A8: =COUNTIF(D14:D19,">="&0.75) | C8: =COUNTIF(D14:D19,"<"&0.75) | E8: =IFERROR(SUM(C14:C19)/SUM(B14:B19),0)
A11: 📋 違規項目達成率（依設定表 E 區清單同步）
A13: 違規項目 | B13: 目標 | C13: 達成 | D13: 達成率 | E13: 視覺（█） | F13: 狀態
A14: 車輛不停讓行人 | B14: 18 | C14: =IFERROR(COUNTIFS(Tbl交通[違規項目],A14),0) | D14: =IFERROR(C14/B14,0) | E14: =REPT("█",MIN(20,ROUND(D14*20,0))) | F14: =IF(D14>=0.8,"● 綠",IF(D14>=0.6,"⚠ 黃","● 紅"))
A15: 行人違規 | B15: 31 | C15: =IFERROR(COUNTIFS(Tbl交通[違規項目],A15),0) | D15: =IFERROR(C15/B15,0) | E15: =REPT("█",MIN(20,ROUND(D15*20,0))) | F15: =IF(D15>=0.8,"● 綠",IF(D15>=0.6,"⚠ 黃","● 紅"))
A16: 車輛行駛人行道 | B16: 19 | C16: =IFERROR(COUNTIFS(Tbl交通[違規項目],A16),0) | D16: =IFERROR(C16/B16,0) | E16: =REPT("█",MIN(20,ROUND(D16*20,0))) | F16: =IF(D16>=0.8,"● 綠",IF(D16>=0.6,"⚠ 黃","● 紅"))
A17: 移動式測速取締 | B17: 0 | C17: =IFERROR(COUNTIFS(Tbl交通[違規項目],A17),0) | D17: =IFERROR(C17/B17,0) | E17: =REPT("█",MIN(20,ROUND(D17*20,0))) | F17: =IF(D17>=0.8,"● 綠",IF(D17>=0.6,"⚠ 黃","● 紅"))
A18: 大型車動態違規 | B18: 7 | C18: =IFERROR(COUNTIFS(Tbl交通[違規項目],A18),0) | D18: =IFERROR(C18/B18,0) | E18: =REPT("█",MIN(20,ROUND(D18*20,0))) | F18: =IF(D18>=0.8,"● 綠",IF(D18>=0.6,"⚠ 黃","● 紅"))
A19: 慢車易肇事違規 | B19: 5 | C19: =IFERROR(COUNTIFS(Tbl交通[違規項目],A19),0) | D19: =IFERROR(C19/B19,0) | E19: =REPT("█",MIN(20,ROUND(D19*20,0))) | F19: =IF(D19>=0.8,"● 綠",IF(D19>=0.6,"⚠ 黃","● 紅"))
A20: ─ 全般合計 ─ | B20: =SUM(B14:B19) | C20: =SUM(C14:C19) | D20: =IFERROR(C20/B20,0) | E20: =REPT("█",MIN(20,ROUND(D20*20,0))) | F20: =IF(D20>=0.8,"● 綠",IF(D20>=0.6,"⚠ 黃","● 紅"))

Sheet 交通取締明細
A1: 📋 交通取締明細
A2: 📊 容量：5 已用 / 196 上限
A4: 💡 新增資料：① 點下方任一空白列 → ② 直接 key 入。 Excel Table 自動擴展。淡黃色 = 可輸入欄位，淡灰色 = 公式自動算（請勿改）
A5: 🔗 SSOT：本表 Tbl交通 是其他頁面公式的資料源。修改後其他頁的 KPI、報告、檢核都會即時更新
A14: 編號 | B14: 取締日期 | C14: 違規項目 | D14: 舉發單號 | E14: 取締員警 | F14: 備註

Sheet 績效統計
A1: 📈 績效統計（按案類 + 員警 Top 10）
A2: =" "&警察局名稱&" · "&分局名稱&" · "&派出所名稱&" ｜ 中華民國 "&(YEAR(今日)-1911)&" 年累計（截至 "&TEXT(今日,"mm/dd")&"）｜ 資料源：Tbl案件（SSOT）"
A4: 💡 本頁公式全自動：頁 5 案件資料庫每新增 1 件 → 案類聚合 + 員警 Top 10 即時更新。員警名冊請去設定表 B 區維護（最多 60 名）。
A6: 📊 上半：按案類績效統計（5 大案類）
A8: 案類 | B8: 發生 | C8: 破獲 | D8: 破獲率 | E8: 排名 | F8: 本月變化（vs 上月） | G8: 視覺 | H8: —
A9: 竊盜 | B9: =IFERROR(COUNTIFS(Tbl案件[案類分類],"竊盜",Tbl案件[發生管轄],"本轄",Tbl案件[歸屬年度],(YEAR(今日)-1911),Tbl案件[計入發生數],"是"),0) | C9: =IFERROR(COUNTIFS(Tbl案件[案類分類],"竊盜",Tbl案件[查獲管轄],"本轄",Tbl案件[是否破獲],"是",Tbl案件[歸屬年度],(YEAR(今日)-1911)),0) | D9: =IFERROR(C9/B9,0) | E9: =IFERROR(RANK.AVG(D9,$D$9:$D$13,0),"—") | F9: =IFERROR(IF(COUNTIFS(Tbl案件[案類分類],"竊盜",Tbl案件[發生管轄],"本轄",Tbl案件[發生時間],">="&DATE(YEAR(今日),MONTH(今日),1),Tbl案件[發生時間],"<"&DATE(YEAR(今日),MONTH(今日)+1,1),Tbl案件[計入發生數],"是")>COUNTIFS(Tbl案件[案類分類],"竊盜",Tbl案件[發生管轄],"本轄",Tbl案件[發生時間],">="&DATE(YEAR(今日),MONTH(今日)-1,1),Tbl案件[發生時間],"<"&DATE(YEAR(今日),MONTH(今日),1),Tbl案件[計入發生數],"是"),"↑ "&(COUNTIFS(Tbl案件[案類分類],"竊盜",Tbl案件[發生管轄],"本轄",Tbl案件[發生時間],">="&DATE(YEAR(今日),MONTH(今日),1),Tbl案件[發生時間],"<"&DATE(YEAR(今日),MONTH(今日)+1,1),Tbl案件[計入發生數],"是")-COUNTIFS(Tbl案件[案類分類],"竊盜",Tbl案件[發生管轄],"本轄",Tbl案件[發生時間],">="&DATE(YEAR(今日),MONTH(今日)-1,1),Tbl案件[發生時間],"<"&DATE(YEAR(今日),MONTH(今日),1),Tbl案件[計入發生數],"是"))&" 件",IF(COUNTIFS(Tbl案件[案類分類],"竊盜",Tbl案件[發生管轄],"本轄",Tbl案件[發生時間],">="&DATE(YEAR(今日),MONTH(今日),1),Tbl案件[發生時間],"<"&DATE(YEAR(今日),MONTH(今日)+1,1),Tbl案件[計入發生數],"是")<COUNTIFS(Tbl案件[案類分類],"竊盜",Tbl案件[發生管轄],"本轄",Tbl案件[發生時間],">="&DATE(YEAR(今日),MONTH(今日)-1,1),Tbl案件[發生時間],"<"&DATE(YEAR(今日),MONTH(今日),1),Tbl案件[計入發生數],"是"),"↓ "&(COUNTIFS(Tbl案件[案類分類],"竊盜",Tbl案件[發生管轄],"本轄",Tbl案件[發生時間],">="&DATE(YEAR(今日),MONTH(今日)-1,1),Tbl案件[發生時間],"<"&DATE(YEAR(今日),MONTH(今日),1),Tbl案件[計入發生數],"是")-COUNTIFS(Tbl案件[案類分類],"竊盜",Tbl案件[發生管轄],"本轄",Tbl案件[發生時間],">="&DATE(YEAR(今日),MONTH(今日),1),Tbl案件[發生時間],"<"&DATE(YEAR(今日),MONTH(今日)+1,1),Tbl案件[計入發生數],"是"))&" 件","→ 持平")),"—") | G9: =REPT("█",MIN(15,ROUND(D9*15,0))) | H9: =IF(D9>=1,"★ 滿分",IF(D9>=0.85,"● 達標",""))
A10: 詐欺 | B10: =IFERROR(COUNTIFS(Tbl案件[案類分類],"詐欺",Tbl案件[發生管轄],"本轄",Tbl案件[歸屬年度],(YEAR(今日)-1911),Tbl案件[計入發生數],"是"),0) | C10: =IFERROR(COUNTIFS(Tbl案件[案類分類],"詐欺",Tbl案件[查獲管轄],"本轄",Tbl案件[是否破獲],"是",Tbl案件[歸屬年度],(YEAR(今日)-1911)),0) | D10: =IFERROR(C10/B10,0) | E10: =IFERROR(RANK.AVG(D10,$D$9:$D$13,0),"—") | F10: =IFERROR(IF(COUNTIFS(Tbl案件[案類分類],"詐欺",Tbl案件[發生管轄],"本轄",Tbl案件[發生時間],">="&DATE(YEAR(今日),MONTH(今日),1),Tbl案件[發生時間],"<"&DATE(YEAR(今日),MONTH(今日)+1,1),Tbl案件[計入發生數],"是")>COUNTIFS(Tbl案件[案類分類],"詐欺",Tbl案件[發生管轄],"本轄",Tbl案件[發生時間],">="&DATE(YEAR(今日),MONTH(今日)-1,1),Tbl案件[發生時間],"<"&DATE(YEAR(今日),MONTH(今日),1),Tbl案件[計入發生數],"是"),"↑ "&(COUNTIFS(Tbl案件[案類分類],"詐欺",Tbl案件[發生管轄],"本轄",Tbl案件[發生時間],">="&DATE(YEAR(今日),MONTH(今日),1),Tbl案件[發生時間],"<"&DATE(YEAR(今日),MONTH(今日)+1,1),Tbl案件[計入發生數],"是")-COUNTIFS(Tbl案件[案類分類],"詐欺",Tbl案件[發生管轄],"本轄",Tbl案件[發生時間],">="&DATE(YEAR(今日),MONTH(今日)-1,1),Tbl案件[發生時間],"<"&DATE(YEAR(今日),MONTH(今日),1),Tbl案件[計入發生數],"是"))&" 件",IF(COUNTIFS(Tbl案件[案類分類],"詐欺",Tbl案件[發生管轄],"本轄",Tbl案件[發生時間],">="&DATE(YEAR(今日),MONTH(今日),1),Tbl案件[發生時間],"<"&DATE(YEAR(今日),MONTH(今日)+1,1),Tbl案件[計入發生數],"是")<COUNTIFS(Tbl案件[案類分類],"詐欺",Tbl案件[發生管轄],"本轄",Tbl案件[發生時間],">="&DATE(YEAR(今日),MONTH(今日)-1,1),Tbl案件[發生時間],"<"&DATE(YEAR(今日),MONTH(今日),1),Tbl案件[計入發生數],"是"),"↓ "&(COUNTIFS(Tbl案件[案類分類],"詐欺",Tbl案件[發生管轄],"本轄",Tbl案件[發生時間],">="&DATE(YEAR(今日),MONTH(今日)-1,1),Tbl案件[發生時間],"<"&DATE(YEAR(今日),MONTH(今日),1),Tbl案件[計入發生數],"是")-COUNTIFS(Tbl案件[案類分類],"詐欺",Tbl案件[發生管轄],"本轄",Tbl案件[發生時間],">="&DATE(YEAR(今日),MONTH(今日),1),Tbl案件[發生時間],"<"&DATE(YEAR(今日),MONTH(今日)+1,1),Tbl案件[計入發生數],"是"))&" 件","→ 持平")),"—") | G10: =REPT("█",MIN(15,ROUND(D10*15,0))) | H10: =IF(D10>=1,"★ 滿分",IF(D10>=0.85,"● 達標",""))
A11: 毒品 | B11: =IFERROR(COUNTIFS(Tbl案件[案類分類],"毒品",Tbl案件[發生管轄],"本轄",Tbl案件[歸屬年度],(YEAR(今日)-1911),Tbl案件[計入發生數],"是"),0) | C11: =IFERROR(COUNTIFS(Tbl案件[案類分類],"毒品",Tbl案件[查獲管轄],"本轄",Tbl案件[是否破獲],"是",Tbl案件[歸屬年度],(YEAR(今日)-1911)),0) | D11: =IFERROR(C11/B11,0) | E11: =IFERROR(RANK.AVG(D11,$D$9:$D$13,0),"—") | F11: =IFERROR(IF(COUNTIFS(Tbl案件[案類分類],"毒品",Tbl案件[發生管轄],"本轄",Tbl案件[發生時間],">="&DATE(YEAR(今日),MONTH(今日),1),Tbl案件[發生時間],"<"&DATE(YEAR(今日),MONTH(今日)+1,1),Tbl案件[計入發生數],"是")>COUNTIFS(Tbl案件[案類分類],"毒品",Tbl案件[發生管轄],"本轄",Tbl案件[發生時間],">="&DATE(YEAR(今日),MONTH(今日)-1,1),Tbl案件[發生時間],"<"&DATE(YEAR(今日),MONTH(今日),1),Tbl案件[計入發生數],"是"),"↑ "&(COUNTIFS(Tbl案件[案類分類],"毒品",Tbl案件[發生管轄],"本轄",Tbl案件[發生時間],">="&DATE(YEAR(今日),MONTH(今日),1),Tbl案件[發生時間],"<"&DATE(YEAR(今日),MONTH(今日)+1,1),Tbl案件[計入發生數],"是")-COUNTIFS(Tbl案件[案類分類],"毒品",Tbl案件[發生管轄],"本轄",Tbl案件[發生時間],">="&DATE(YEAR(今日),MONTH(今日)-1,1),Tbl案件[發生時間],"<"&DATE(YEAR(今日),MONTH(今日),1),Tbl案件[計入發生數],"是"))&" 件",IF(COUNTIFS(Tbl案件[案類分類],"毒品",Tbl案件[發生管轄],"本轄",Tbl案件[發生時間],">="&DATE(YEAR(今日),MONTH(今日),1),Tbl案件[發生時間],"<"&DATE(YEAR(今日),MONTH(今日)+1,1),Tbl案件[計入發生數],"是")<COUNTIFS(Tbl案件[案類分類],"毒品",Tbl案件[發生管轄],"本轄",Tbl案件[發生時間],">="&DATE(YEAR(今日),MONTH(今日)-1,1),Tbl案件[發生時間],"<"&DATE(YEAR(今日),MONTH(今日),1),Tbl案件[計入發生數],"是"),"↓ "&(COUNTIFS(Tbl案件[案類分類],"毒品",Tbl案件[發生管轄],"本轄",Tbl案件[發生時間],">="&DATE(YEAR(今日),MONTH(今日)-1,1),Tbl案件[發生時間],"<"&DATE(YEAR(今日),MONTH(今日),1),Tbl案件[計入發生數],"是")-COUNTIFS(Tbl案件[案類分類],"毒品",Tbl案件[發生管轄],"本轄",Tbl案件[發生時間],">="&DATE(YEAR(今日),MONTH(今日),1),Tbl案件[發生時間],"<"&DATE(YEAR(今日),MONTH(今日)+1,1),Tbl案件[計入發生數],"是"))&" 件","→ 持平")),"—") | G11: =REPT("█",MIN(15,ROUND(D11*15,0))) | H11: =IF(D11>=1,"★ 滿分",IF(D11>=0.85,"● 達標",""))
A12: 暴力犯罪 | B12: =IFERROR(COUNTIFS(Tbl案件[案類分類],"暴力犯罪",Tbl案件[發生管轄],"本轄",Tbl案件[歸屬年度],(YEAR(今日)-1911),Tbl案件[計入發生數],"是"),0) | C12: =IFERROR(COUNTIFS(Tbl案件[案類分類],"暴力犯罪",Tbl案件[查獲管轄],"本轄",Tbl案件[是否破獲],"是",Tbl案件[歸屬年度],(YEAR(今日)-1911)),0) | D12: =IFERROR(C12/B12,0) | E12: =IFERROR(RANK.AVG(D12,$D$9:$D$13,0),"—") | F12: =IFERROR(IF(COUNTIFS(Tbl案件[案類分類],"暴力犯罪",Tbl案件[發生管轄],"本轄",Tbl案件[發生時間],">="&DATE(YEAR(今日),MONTH(今日),1),Tbl案件[發生時間],"<"&DATE(YEAR(今日),MONTH(今日)+1,1),Tbl案件[計入發生數],"是")>COUNTIFS(Tbl案件[案類分類],"暴力犯罪",Tbl案件[發生管轄],"本轄",Tbl案件[發生時間],">="&DATE(YEAR(今日),MONTH(今日)-1,1),Tbl案件[發生時間],"<"&DATE(YEAR(今日),MONTH(今日),1),Tbl案件[計入發生數],"是"),"↑ "&(COUNTIFS(Tbl案件[案類分類],"暴力犯罪",Tbl案件[發生管轄],"本轄",Tbl案件[發生時間],">="&DATE(YEAR(今日),MONTH(今日),1),Tbl案件[發生時間],"<"&DATE(YEAR(今日),MONTH(今日)+1,1),Tbl案件[計入發生數],"是")-COUNTIFS(Tbl案件[案類分類],"暴力犯罪",Tbl案件[發生管轄],"本轄",Tbl案件[發生時間],">="&DATE(YEAR(今日),MONTH(今日)-1,1),Tbl案件[發生時間],"<"&DATE(YEAR(今日),MONTH(今日),1),Tbl案件[計入發生數],"是"))&" 件",IF(COUNTIFS(Tbl案件[案類分類],"暴力犯罪",Tbl案件[發生管轄],"本轄",Tbl案件[發生時間],">="&DATE(YEAR(今日),MONTH(今日),1),Tbl案件[發生時間],"<"&DATE(YEAR(今日),MONTH(今日)+1,1),Tbl案件[計入發生數],"是")<COUNTIFS(Tbl案件[案類分類],"暴力犯罪",Tbl案件[發生管轄],"本轄",Tbl案件[發生時間],">="&DATE(YEAR(今日),MONTH(今日)-1,1),Tbl案件[發生時間],"<"&DATE(YEAR(今日),MONTH(今日),1),Tbl案件[計入發生數],"是"),"↓ "&(COUNTIFS(Tbl案件[案類分類],"暴力犯罪",Tbl案件[發生管轄],"本轄",Tbl案件[發生時間],">="&DATE(YEAR(今日),MONTH(今日)-1,1),Tbl案件[發生時間],"<"&DATE(YEAR(今日),MONTH(今日),1),Tbl案件[計入發生數],"是")-COUNTIFS(Tbl案件[案類分類],"暴力犯罪",Tbl案件[發生管轄],"本轄",Tbl案件[發生時間],">="&DATE(YEAR(今日),MONTH(今日),1),Tbl案件[發生時間],"<"&DATE(YEAR(今日),MONTH(今日)+1,1),Tbl案件[計入發生數],"是"))&" 件","→ 持平")),"—") | G12: =REPT("█",MIN(15,ROUND(D12*15,0))) | H12: =IF(D12>=1,"★ 滿分",IF(D12>=0.85,"● 達標",""))
A13: 其他 | B13: =MAX(0,IFERROR(COUNTIFS(Tbl案件[發生管轄],"本轄",Tbl案件[歸屬年度],(YEAR(今日)-1911),Tbl案件[計入發生數],"是"),0)-SUM(B9:B12)) | C13: =MAX(0,IFERROR(COUNTIFS(Tbl案件[查獲管轄],"本轄",Tbl案件[是否破獲],"是",Tbl案件[歸屬年度],(YEAR(今日)-1911)),0)-SUM(C9:C12)) | D13: =IFERROR(C13/B13,0) | E13: =IFERROR(RANK.AVG(D13,$D$9:$D$13,0),"—") | F13: — | G13: =REPT("█",MIN(15,ROUND(D13*15,0))) | H13: =IF(D13>=1,"★ 滿分",IF(D13>=0.85,"● 達標",""))
A14: ─ 全般合計 ─ | B14: =SUM(B9:B13) | C14: =SUM(C9:C13) | D14: =IFERROR(C14/B14,0) | E14: — | F14: — | G14: =REPT("█",MIN(15,ROUND(D14*15,0))) | H14: =IF(D14>=0.85,"● 達標","")
A16: 🏆 下半：員警破獲 Top 10（依全般破獲降序排序）
A18: 排名 | B18: 員警 | C18: 全般破獲 | D18: 竊盜 | E18: 詐欺 | F18: 毒品 | G18: 暴力犯罪 | H18: 其他
A19: =IF(LARGE($I$100:$I$159,1)>0,IF(1=1,"🥇 ",IF(1=2,"🥈 ",IF(1=3,"🥉 ","")))&1,"—") | B19: =IFERROR(INDEX($B$100:$B$159,MATCH(LARGE($I$100:$I$159,1),$I$100:$I$159,0)),"") | C19: =IFERROR(INDEX($C$100:$C$159,MATCH(LARGE($I$100:$I$159,1),$I$100:$I$159,0)),0) | D19: =IFERROR(INDEX($D$100:$D$159,MATCH(LARGE($I$100:$I$159,1),$I$100:$I$159,0)),0) | E19: =IFERROR(INDEX($E$100:$E$159,MATCH(LARGE($I$100:$I$159,1),$I$100:$I$159,0)),0) | F19: =IFERROR(INDEX($F$100:$F$159,MATCH(LARGE($I$100:$I$159,1),$I$100:$I$159,0)),0) | G19: =IFERROR(INDEX($G$100:$G$159,MATCH(LARGE($I$100:$I$159,1),$I$100:$I$159,0)),0) | H19: =IFERROR(INDEX($H$100:$H$159,MATCH(LARGE($I$100:$I$159,1),$I$100:$I$159,0)),0)
A20: =IF(LARGE($I$100:$I$159,2)>0,IF(2=1,"🥇 ",IF(2=2,"🥈 ",IF(2=3,"🥉 ","")))&2,"—") | B20: =IFERROR(INDEX($B$100:$B$159,MATCH(LARGE($I$100:$I$159,2),$I$100:$I$159,0)),"") | C20: =IFERROR(INDEX($C$100:$C$159,MATCH(LARGE($I$100:$I$159,2),$I$100:$I$159,0)),0) | D20: =IFERROR(INDEX($D$100:$D$159,MATCH(LARGE($I$100:$I$159,2),$I$100:$I$159,0)),0) | E20: =IFERROR(INDEX($E$100:$E$159,MATCH(LARGE($I$100:$I$159,2),$I$100:$I$159,0)),0) | F20: =IFERROR(INDEX($F$100:$F$159,MATCH(LARGE($I$100:$I$159,2),$I$100:$I$159,0)),0) | G20: =IFERROR(INDEX($G$100:$G$159,MATCH(LARGE($I$100:$I$159,2),$I$100:$I$159,0)),0) | H20: =IFERROR(INDEX($H$100:$H$159,MATCH(LARGE($I$100:$I$159,2),$I$100:$I$159,0)),0)
A21: =IF(LARGE($I$100:$I$159,3)>0,IF(3=1,"🥇 ",IF(3=2,"🥈 ",IF(3=3,"🥉 ","")))&3,"—") | B21: =IFERROR(INDEX($B$100:$B$159,MATCH(LARGE($I$100:$I$159,3),$I$100:$I$159,0)),"") | C21: =IFERROR(INDEX($C$100:$C$159,MATCH(LARGE($I$100:$I$159,3),$I$100:$I$159,0)),0) | D21: =IFERROR(INDEX($D$100:$D$159,MATCH(LARGE($I$100:$I$159,3),$I$100:$I$159,0)),0) | E21: =IFERROR(INDEX($E$100:$E$159,MATCH(LARGE($I$100:$I$159,3),$I$100:$I$159,0)),0) | F21: =IFERROR(INDEX($F$100:$F$159,MATCH(LARGE($I$100:$I$159,3),$I$100:$I$159,0)),0) | G21: =IFERROR(INDEX($G$100:$G$159,MATCH(LARGE($I$100:$I$159,3),$I$100:$I$159,0)),0) | H21: =IFERROR(INDEX($H$100:$H$159,MATCH(LARGE($I$100:$I$159,3),$I$100:$I$159,0)),0)
A22: =IF(LARGE($I$100:$I$159,4)>0,IF(4=1,"🥇 ",IF(4=2,"🥈 ",IF(4=3,"🥉 ","")))&4,"—") | B22: =IFERROR(INDEX($B$100:$B$159,MATCH(LARGE($I$100:$I$159,4),$I$100:$I$159,0)),"") | C22: =IFERROR(INDEX($C$100:$C$159,MATCH(LARGE($I$100:$I$159,4),$I$100:$I$159,0)),0) | D22: =IFERROR(INDEX($D$100:$D$159,MATCH(LARGE($I$100:$I$159,4),$I$100:$I$159,0)),0) | E22: =IFERROR(INDEX($E$100:$E$159,MATCH(LARGE($I$100:$I$159,4),$I$100:$I$159,0)),0) | F22: =IFERROR(INDEX($F$100:$F$159,MATCH(LARGE($I$100:$I$159,4),$I$100:$I$159,0)),0) | G22: =IFERROR(INDEX($G$100:$G$159,MATCH(LARGE($I$100:$I$159,4),$I$100:$I$159,0)),0) | H22: =IFERROR(INDEX($H$100:$H$159,MATCH(LARGE($I$100:$I$159,4),$I$100:$I$159,0)),0)
A23: =IF(LARGE($I$100:$I$159,5)>0,IF(5=1,"🥇 ",IF(5=2,"🥈 ",IF(5=3,"🥉 ","")))&5,"—") | B23: =IFERROR(INDEX($B$100:$B$159,MATCH(LARGE($I$100:$I$159,5),$I$100:$I$159,0)),"") | C23: =IFERROR(INDEX($C$100:$C$159,MATCH(LARGE($I$100:$I$159,5),$I$100:$I$159,0)),0) | D23: =IFERROR(INDEX($D$100:$D$159,MATCH(LARGE($I$100:$I$159,5),$I$100:$I$159,0)),0) | E23: =IFERROR(INDEX($E$100:$E$159,MATCH(LARGE($I$100:$I$159,5),$I$100:$I$159,0)),0) | F23: =IFERROR(INDEX($F$100:$F$159,MATCH(LARGE($I$100:$I$159,5),$I$100:$I$159,0)),0) | G23: =IFERROR(INDEX($G$100:$G$159,MATCH(LARGE($I$100:$I$159,5),$I$100:$I$159,0)),0) | H23: =IFERROR(INDEX($H$100:$H$159,MATCH(LARGE($I$100:$I$159,5),$I$100:$I$159,0)),0)
A24: =IF(LARGE($I$100:$I$159,6)>0,IF(6=1,"🥇 ",IF(6=2,"🥈 ",IF(6=3,"🥉 ","")))&6,"—") | B24: =IFERROR(INDEX($B$100:$B$159,MATCH(LARGE($I$100:$I$159,6),$I$100:$I$159,0)),"") | C24: =IFERROR(INDEX($C$100:$C$159,MATCH(LARGE($I$100:$I$159,6),$I$100:$I$159,0)),0) | D24: =IFERROR(INDEX($D$100:$D$159,MATCH(LARGE($I$100:$I$159,6),$I$100:$I$159,0)),0) | E24: =IFERROR(INDEX($E$100:$E$159,MATCH(LARGE($I$100:$I$159,6),$I$100:$I$159,0)),0) | F24: =IFERROR(INDEX($F$100:$F$159,MATCH(LARGE($I$100:$I$159,6),$I$100:$I$159,0)),0) | G24: =IFERROR(INDEX($G$100:$G$159,MATCH(LARGE($I$100:$I$159,6),$I$100:$I$159,0)),0) | H24: =IFERROR(INDEX($H$100:$H$159,MATCH(LARGE($I$100:$I$159,6),$I$100:$I$159,0)),0)
A25: =IF(LARGE($I$100:$I$159,7)>0,IF(7=1,"🥇 ",IF(7=2,"🥈 ",IF(7=3,"🥉 ","")))&7,"—") | B25: =IFERROR(INDEX($B$100:$B$159,MATCH(LARGE($I$100:$I$159,7),$I$100:$I$159,0)),"") | C25: =IFERROR(INDEX($C$100:$C$159,MATCH(LARGE($I$100:$I$159,7),$I$100:$I$159,0)),0) | D25: =IFERROR(INDEX($D$100:$D$159,MATCH(LARGE($I$100:$I$159,7),$I$100:$I$159,0)),0) | E25: =IFERROR(INDEX($E$100:$E$159,MATCH(LARGE($I$100:$I$159,7),$I$100:$I$159,0)),0) | F25: =IFERROR(INDEX($F$100:$F$159,MATCH(LARGE($I$100:$I$159,7),$I$100:$I$159,0)),0) | G25: =IFERROR(INDEX($G$100:$G$159,MATCH(LARGE($I$100:$I$159,7),$I$100:$I$159,0)),0) | H25: =IFERROR(INDEX($H$100:$H$159,MATCH(LARGE($I$100:$I$159,7),$I$100:$I$159,0)),0)
A26: =IF(LARGE($I$100:$I$159,8)>0,IF(8=1,"🥇 ",IF(8=2,"🥈 ",IF(8=3,"🥉 ","")))&8,"—") | B26: =IFERROR(INDEX($B$100:$B$159,MATCH(LARGE($I$100:$I$159,8),$I$100:$I$159,0)),"") | C26: =IFERROR(INDEX($C$100:$C$159,MATCH(LARGE($I$100:$I$159,8),$I$100:$I$159,0)),0) | D26: =IFERROR(INDEX($D$100:$D$159,MATCH(LARGE($I$100:$I$159,8),$I$100:$I$159,0)),0) | E26: =IFERROR(INDEX($E$100:$E$159,MATCH(LARGE($I$100:$I$159,8),$I$100:$I$159,0)),0) | F26: =IFERROR(INDEX($F$100:$F$159,MATCH(LARGE($I$100:$I$159,8),$I$100:$I$159,0)),0) | G26: =IFERROR(INDEX($G$100:$G$159,MATCH(LARGE($I$100:$I$159,8),$I$100:$I$159,0)),0) | H26: =IFERROR(INDEX($H$100:$H$159,MATCH(LARGE($I$100:$I$159,8),$I$100:$I$159,0)),0)
A27: =IF(LARGE($I$100:$I$159,9)>0,IF(9=1,"🥇 ",IF(9=2,"🥈 ",IF(9=3,"🥉 ","")))&9,"—") | B27: =IFERROR(INDEX($B$100:$B$159,MATCH(LARGE($I$100:$I$159,9),$I$100:$I$159,0)),"") | C27: =IFERROR(INDEX($C$100:$C$159,MATCH(LARGE($I$100:$I$159,9),$I$100:$I$159,0)),0) | D27: =IFERROR(INDEX($D$100:$D$159,MATCH(LARGE($I$100:$I$159,9),$I$100:$I$159,0)),0) | E27: =IFERROR(INDEX($E$100:$E$159,MATCH(LARGE($I$100:$I$159,9),$I$100:$I$159,0)),0) | F27: =IFERROR(INDEX($F$100:$F$159,MATCH(LARGE($I$100:$I$159,9),$I$100:$I$159,0)),0) | G27: =IFERROR(INDEX($G$100:$G$159,MATCH(LARGE($I$100:$I$159,9),$I$100:$I$159,0)),0) | H27: =IFERROR(INDEX($H$100:$H$159,MATCH(LARGE($I$100:$I$159,9),$I$100:$I$159,0)),0)
A28: =IF(LARGE($I$100:$I$159,10)>0,IF(10=1,"🥇 ",IF(10=2,"🥈 ",IF(10=3,"🥉 ","")))&10,"—") | B28: =IFERROR(INDEX($B$100:$B$159,MATCH(LARGE($I$100:$I$159,10),$I$100:$I$159,0)),"") | C28: =IFERROR(INDEX($C$100:$C$159,MATCH(LARGE($I$100:$I$159,10),$I$100:$I$159,0)),0) | D28: =IFERROR(INDEX($D$100:$D$159,MATCH(LARGE($I$100:$I$159,10),$I$100:$I$159,0)),0) | E28: =IFERROR(INDEX($E$100:$E$159,MATCH(LARGE($I$100:$I$159,10),$I$100:$I$159,0)),0) | F28: =IFERROR(INDEX($F$100:$F$159,MATCH(LARGE($I$100:$I$159,10),$I$100:$I$159,0)),0) | G28: =IFERROR(INDEX($G$100:$G$159,MATCH(LARGE($I$100:$I$159,10),$I$100:$I$159,0)),0) | H28: =IFERROR(INDEX($H$100:$H$159,MATCH(LARGE($I$100:$I$159,10),$I$100:$I$159,0)),0)
A29: ─ Top 10 合計 ─ | C29: =SUM(C19:C28) | D29: =SUM(D19:D28) | E29: =SUM(E19:E28) | F29: =SUM(F19:F28) | G29: =SUM(G19:G28) | H29: =SUM(H19:H28)
A31: ="© KKEVIN-LIN-2026-V2.0 ｜ 資料源：Tbl案件（SSOT，無獨立 Tbl刑案） ｜ 個別員警深度分析請見頁 11 員警個人卡 ｜ 製表："&TEXT(今日,"e/mm/dd")
A99: 序號 | B99: 員警姓名 | C99: 全般破獲 | D99: 竊盜 | E99: 詐欺 | F99: 毒品 | G99: 暴力犯罪 | H99: 其他 | I99: 排名鍵
A100: 1 | B100: =IFERROR(INDEX(員警姓名清單,1),"") | C100: =IF(B100="",0,IFERROR(COUNTIFS(Tbl案件[承辦人],B100,Tbl案件[是否破獲],"是",Tbl案件[歸屬年度],(YEAR(今日)-1911)),0)) | D100: =IF(B100="",0,IFERROR(COUNTIFS(Tbl案件[承辦人],B100,Tbl案件[案類分類],"竊盜",Tbl案件[是否破獲],"是",Tbl案件[歸屬年度],(YEAR(今日)-1911)),0)) | E100: =IF(B100="",0,IFERROR(COUNTIFS(Tbl案件[承辦人],B100,Tbl案件[案類分類],"詐欺",Tbl案件[是否破獲],"是",Tbl案件[歸屬年度],(YEAR(今日)-1911)),0)) | F100: =IF(B100="",0,IFERROR(COUNTIFS(Tbl案件[承辦人],B100,Tbl案件[案類分類],"毒品",Tbl案件[是否破獲],"是",Tbl案件[歸屬年度],(YEAR(今日)-1911)),0)) | G100: =IF(B100="",0,IFERROR(COUNTIFS(Tbl案件[承辦人],B100,Tbl案件[案類分類],"暴力犯罪",Tbl案件[是否破獲],"是",Tbl案件[歸屬年度],(YEAR(今日)-1911)),0)) | H100: =MAX(0,C100-D100-E100-F100-G100) | I100: =IF(B100="",0,C100+1*0.0001)
A101: 2 | B101: =IFERROR(INDEX(員警姓名清單,2),"") | C101: =IF(B101="",0,IFERROR(COUNTIFS(Tbl案件[承辦人],B101,Tbl案件[是否破獲],"是",Tbl案件[歸屬年度],(YEAR(今日)-1911)),0)) | D101: =IF(B101="",0,IFERROR(COUNTIFS(Tbl案件[承辦人],B101,Tbl案件[案類分類],"竊盜",Tbl案件[是否破獲],"是",Tbl案件[歸屬年度],(YEAR(今日)-1911)),0)) | E101: =IF(B101="",0,IFERROR(COUNTIFS(Tbl案件[承辦人],B101,Tbl案件[案類分類],"詐欺",Tbl案件[是否破獲],"是",Tbl案件[歸屬年度],(YEAR(今日)-1911)),0)) | F101: =IF(B101="",0,IFERROR(COUNTIFS(Tbl案件[承辦人],B101,Tbl案件[案類分類],"毒品",Tbl案件[是否破獲],"是",Tbl案件[歸屬年度],(YEAR(今日)-1911)),0)) | G101: =IF(B101="",0,IFERROR(COUNTIFS(Tbl案件[承辦人],B101,Tbl案件[案類分類],"暴力犯罪",Tbl案件[是否破獲],"是",Tbl案件[歸屬年度],(YEAR(今日)-1911)),0)) | H101: =MAX(0,C101-D101-E101-F101-G101) | I101: =IF(B101="",0,C101+2*0.0001)
A102: 3 | B102: =IFERROR(INDEX(員警姓名清單,3),"") | C102: =IF(B102="",0,IFERROR(COUNTIFS(Tbl案件[承辦人],B102,Tbl案件[是否破獲],"是",Tbl案件[歸屬年度],(YEAR(今日)-1911)),0)) | D102: =IF(B102="",0,IFERROR(COUNTIFS(Tbl案件[承辦人],B102,Tbl案件[案類分類],"竊盜",Tbl案件[是否破獲],"是",Tbl案件[歸屬年度],(YEAR(今日)-1911)),0)) | E102: =IF(B102="",0,IFERROR(COUNTIFS(Tbl案件[承辦人],B102,Tbl案件[案類分類],"詐欺",Tbl案件[是否破獲],"是",Tbl案件[歸屬年度],(YEAR(今日)-1911)),0)) | F102: =IF(B102="",0,IFERROR(COUNTIFS(Tbl案件[承辦人],B102,Tbl案件[案類分類],"毒品",Tbl案件[是否破獲],"是",Tbl案件[歸屬年度],(YEAR(今日)-1911)),0)) | G102: =IF(B102="",0,IFERROR(COUNTIFS(Tbl案件[承辦人],B102,Tbl案件[案類分類],"暴力犯罪",Tbl案件[是否破獲],"是",Tbl案件[歸屬年度],(YEAR(今日)-1911)),0)) | H102: =MAX(0,C102-D102-E102-F102-G102) | I102: =IF(B102="",0,C102+3*0.0001)
A103: 4 | B103: =IFERROR(INDEX(員警姓名清單,4),"") | C103: =IF(B103="",0,IFERROR(COUNTIFS(Tbl案件[承辦人],B103,Tbl案件[是否破獲],"是",Tbl案件[歸屬年度],(YEAR(今日)-1911)),0)) | D103: =IF(B103="",0,IFERROR(COUNTIFS(Tbl案件[承辦人],B103,Tbl案件[案類分類],"竊盜",Tbl案件[是否破獲],"是",Tbl案件[歸屬年度],(YEAR(今日)-1911)),0)) | E103: =IF(B103="",0,IFERROR(COUNTIFS(Tbl案件[承辦人],B103,Tbl案件[案類分類],"詐欺",Tbl案件[是否破獲],"是",Tbl案件[歸屬年度],(YEAR(今日)-1911)),0)) | F103: =IF(B103="",0,IFERROR(COUNTIFS(Tbl案件[承辦人],B103,Tbl案件[案類分類],"毒品",Tbl案件[是否破獲],"是",Tbl案件[歸屬年度],(YEAR(今日)-1911)),0)) | G103: =IF(B103="",0,IFERROR(COUNTIFS(Tbl案件[承辦人],B103,Tbl案件[案類分類],"暴力犯罪",Tbl案件[是否破獲],"是",Tbl案件[歸屬年度],(YEAR(今日)-1911)),0)) | H103: =MAX(0,C103-D103-E103-F103-G103) | I103: =IF(B103="",0,C103+4*0.0001)
A104: 5 | B104: =IFERROR(INDEX(員警姓名清單,5),"") | C104: =IF(B104="",0,IFERROR(COUNTIFS(Tbl案件[承辦人],B104,Tbl案件[是否破獲],"是",Tbl案件[歸屬年度],(YEAR(今日)-1911)),0)) | D104: =IF(B104="",0,IFERROR(COUNTIFS(Tbl案件[承辦人],B104,Tbl案件[案類分類],"竊盜",Tbl案件[是否破獲],"是",Tbl案件[歸屬年度],(YEAR(今日)-1911)),0)) | E104: =IF(B104="",0,IFERROR(COUNTIFS(Tbl案件[承辦人],B104,Tbl案件[案類分類],"詐欺",Tbl案件[是否破獲],"是",Tbl案件[歸屬年度],(YEAR(今日)-1911)),0)) | F104: =IF(B104="",0,IFERROR(COUNTIFS(Tbl案件[承辦人],B104,Tbl案件[案類分類],"毒品",Tbl案件[是否破獲],"是",Tbl案件[歸屬年度],(YEAR(今日)-1911)),0)) | G104: =IF(B104="",0,IFERROR(COUNTIFS(Tbl案件[承辦人],B104,Tbl案件[案類分類],"暴力犯罪",Tbl案件[是否破獲],"是",Tbl案件[歸屬年度],(YEAR(今日)-1911)),0)) | H104: =MAX(0,C104-D104-E104-F104-G104) | I104: =IF(B104="",0,C104+5*0.0001)
A105: 6 | B105: =IFERROR(INDEX(員警姓名清單,6),"") | C105: =IF(B105="",0,IFERROR(COUNTIFS(Tbl案件[承辦人],B105,Tbl案件[是否破獲],"是",Tbl案件[歸屬年度],(YEAR(今日)-1911)),0)) | D105: =IF(B105="",0,IFERROR(COUNTIFS(Tbl案件[承辦人],B105,Tbl案件[案類分類],"竊盜",Tbl案件[是否破獲],"是",Tbl案件[歸屬年度],(YEAR(今日)-1911)),0)) | E105: =IF(B105="",0,IFERROR(COUNTIFS(Tbl案件[承辦人],B105,Tbl案件[案類分類],"詐欺",Tbl案件[是否破獲],"是",Tbl案件[歸屬年度],(YEAR(今日)-1911)),0)) | F105: =IF(B105="",0,IFERROR(COUNTIFS(Tbl案件[承辦人],B105,Tbl案件[案類分類],"毒品",Tbl案件[是否破獲],"是",Tbl案件[歸屬年度],(YEAR(今日)-1911)),0)) | G105: =IF(B105="",0,IFERROR(COUNTIFS(Tbl案件[承辦人],B105,Tbl案件[案類分類],"暴力犯罪",Tbl案件[是否破獲],"是",Tbl案件[歸屬年度],(YEAR(今日)-1911)),0)) | H105: =MAX(0,C105-D105-E105-F105-G105) | I105: =IF(B105="",0,C105+6*0.0001)
A106: 7 | B106: =IFERROR(INDEX(員警姓名清單,7),"") | C106: =IF(B106="",0,IFERROR(COUNTIFS(Tbl案件[承辦人],B106,Tbl案件[是否破獲],"是",Tbl案件[歸屬年度],(YEAR(今日)-1911)),0)) | D106: =IF(B106="",0,IFERROR(COUNTIFS(Tbl案件[承辦人],B106,Tbl案件[案類分類],"竊盜",Tbl案件[是否破獲],"是",Tbl案件[歸屬年度],(YEAR(今日)-1911)),0)) | E106: =IF(B106="",0,IFERROR(COUNTIFS(Tbl案件[承辦人],B106,Tbl案件[案類分類],"詐欺",Tbl案件[是否破獲],"是",Tbl案件[歸屬年度],(YEAR(今日)-1911)),0)) | F106: =IF(B106="",0,IFERROR(COUNTIFS(Tbl案件[承辦人],B106,Tbl案件[案類分類],"毒品",Tbl案件[是否破獲],"是",Tbl案件[歸屬年度],(YEAR(今日)-1911)),0)) | G106: =IF(B106="",0,IFERROR(COUNTIFS(Tbl案件[承辦人],B106,Tbl案件[案類分類],"暴力犯罪",Tbl案件[是否破獲],"是",Tbl案件[歸屬年度],(YEAR(今日)-1911)),0)) | H106: =MAX(0,C106-D106-E106-F106-G106) | I106: =IF(B106="",0,C106+7*0.0001)
A107: 8 | B107: =IFERROR(INDEX(員警姓名清單,8),"") | C107: =IF(B107="",0,IFERROR(COUNTIFS(Tbl案件[承辦人],B107,Tbl案件[是否破獲],"是",Tbl案件[歸屬年度],(YEAR(今日)-1911)),0)) | D107: =IF(B107="",0,IFERROR(COUNTIFS(Tbl案件[承辦人],B107,Tbl案件[案類分類],"竊盜",Tbl案件[是否破獲],"是",Tbl案件[歸屬年度],(YEAR(今日)-1911)),0)) | E107: =IF(B107="",0,IFERROR(COUNTIFS(Tbl案件[承辦人],B107,Tbl案件[案類分類],"詐欺",Tbl案件[是否破獲],"是",Tbl案件[歸屬年度],(YEAR(今日)-1911)),0)) | F107: =IF(B107="",0,IFERROR(COUNTIFS(Tbl案件[承辦人],B107,Tbl案件[案類分類],"毒品",Tbl案件[是否破獲],"是",Tbl案件[歸屬年度],(YEAR(今日)-1911)),0)) | G107: =IF(B107="",0,IFERROR(COUNTIFS(Tbl案件[承辦人],B107,Tbl案件[案類分類],"暴力犯罪",Tbl案件[是否破獲],"是",Tbl案件[歸屬年度],(YEAR(今日)-1911)),0)) | H107: =MAX(0,C107-D107-E107-F107-G107) | I107: =IF(B107="",0,C107+8*0.0001)
A108: 9 | B108: =IFERROR(INDEX(員警姓名清單,9),"") | C108: =IF(B108="",0,IFERROR(COUNTIFS(Tbl案件[承辦人],B108,Tbl案件[是否破獲],"是",Tbl案件[歸屬年度],(YEAR(今日)-1911)),0)) | D108: =IF(B108="",0,IFERROR(COUNTIFS(Tbl案件[承辦人],B108,Tbl案件[案類分類],"竊盜",Tbl案件[是否破獲],"是",Tbl案件[歸屬年度],(YEAR(今日)-1911)),0)) | E108: =IF(B108="",0,IFERROR(COUNTIFS(Tbl案件[承辦人],B108,Tbl案件[案類分類],"詐欺",Tbl案件[是否破獲],"是",Tbl案件[歸屬年度],(YEAR(今日)-1911)),0)) | F108: =IF(B108="",0,IFERROR(COUNTIFS(Tbl案件[承辦人],B108,Tbl案件[案類分類],"毒品",Tbl案件[是否破獲],"是",Tbl案件[歸屬年度],(YEAR(今日)-1911)),0)) | G108: =IF(B108="",0,IFERROR(COUNTIFS(Tbl案件[承辦人],B108,Tbl案件[案類分類],"暴力犯罪",Tbl案件[是否破獲],"是",Tbl案件[歸屬年度],(YEAR(今日)-1911)),0)) | H108: =MAX(0,C108-D108-E108-F108-G108) | I108: =IF(B108="",0,C108+9*0.0001)
A109: 10 | B109: =IFERROR(INDEX(員警姓名清單,10),"") | C109: =IF(B109="",0,IFERROR(COUNTIFS(Tbl案件[承辦人],B109,Tbl案件[是否破獲],"是",Tbl案件[歸屬年度],(YEAR(今日)-1911)),0)) | D109: =IF(B109="",0,IFERROR(COUNTIFS(Tbl案件[承辦人],B109,Tbl案件[案類分類],"竊盜",Tbl案件[是否破獲],"是",Tbl案件[歸屬年度],(YEAR(今日)-1911)),0)) | E109: =IF(B109="",0,IFERROR(COUNTIFS(Tbl案件[承辦人],B109,Tbl案件[案類分類],"詐欺",Tbl案件[是否破獲],"是",Tbl案件[歸屬年度],(YEAR(今日)-1911)),0)) | F109: =IF(B109="",0,IFERROR(COUNTIFS(Tbl案件[承辦人],B109,Tbl案件[案類分類],"毒品",Tbl案件[是否破獲],"是",Tbl案件[歸屬年度],(YEAR(今日)-1911)),0)) | G109: =IF(B109="",0,IFERROR(COUNTIFS(Tbl案件[承辦人],B109,Tbl案件[案類分類],"暴力犯罪",Tbl案件[是否破獲],"是",Tbl案件[歸屬年度],(YEAR(今日)-1911)),0)) | H109: =MAX(0,C109-D109-E109-F109-G109) | I109: =IF(B109="",0,C109+10*0.0001)
A110: 11 | B110: =IFERROR(INDEX(員警姓名清單,11),"") | C110: =IF(B110="",0,IFERROR(COUNTIFS(Tbl案件[承辦人],B110,Tbl案件[是否破獲],"是",Tbl案件[歸屬年度],(YEAR(今日)-1911)),0)) | D110: =IF(B110="",0,IFERROR(COUNTIFS(Tbl案件[承辦人],B110,Tbl案件[案類分類],"竊盜",Tbl案件[是否破獲],"是",Tbl案件[歸屬年度],(YEAR(今日)-1911)),0)) | E110: =IF(B110="",0,IFERROR(COUNTIFS(Tbl案件[承辦人],B110,Tbl案件[案類分類],"詐欺",Tbl案件[是否破獲],"是",Tbl案件[歸屬年度],(YEAR(今日)-1911)),0)) | F110: =IF(B110="",0,IFERROR(COUNTIFS(Tbl案件[承辦人],B110,Tbl案件[案類分類],"毒品",Tbl案件[是否破獲],"是",Tbl案件[歸屬年度],(YEAR(今日)-1911)),0)) | G110: =IF(B110="",0,IFERROR(COUNTIFS(Tbl案件[承辦人],B110,Tbl案件[案類分類],"暴力犯罪",Tbl案件[是否破獲],"是",Tbl案件[歸屬年度],(YEAR(今日)-1911)),0)) | H110: =MAX(0,C110-D110-E110-F110-G110) | I110: =IF(B110="",0,C110+11*0.0001)
A111: 12 | B111: =IFERROR(INDEX(員警姓名清單,12),"") | C111: =IF(B111="",0,IFERROR(COUNTIFS(Tbl案件[承辦人],B111,Tbl案件[是否破獲],"是",Tbl案件[歸屬年度],(YEAR(今日)-1911)),0)) | D111: =IF(B111="",0,IFERROR(COUNTIFS(Tbl案件[承辦人],B111,Tbl案件[案類分類],"竊盜",Tbl案件[是否破獲],"是",Tbl案件[歸屬年度],(YEAR(今日)-1911)),0)) | E111: =IF(B111="",0,IFERROR(COUNTIFS(Tbl案件[承辦人],B111,Tbl案件[案類分類],"詐欺",Tbl案件[是否破獲],"是",Tbl案件[歸屬年度],(YEAR(今日)-1911)),0)) | F111: =IF(B111="",0,IFERROR(COUNTIFS(Tbl案件[承辦人],B111,Tbl案件[案類分類],"毒品",Tbl案件[是否破獲],"是",Tbl案件[歸屬年度],(YEAR(今日)-1911)),0)) | G111: =IF(B111="",0,IFERROR(COUNTIFS(Tbl案件[承辦人],B111,Tbl案件[案類分類],"暴力犯罪",Tbl案件[是否破獲],"是",Tbl案件[歸屬年度],(YEAR(今日)-1911)),0)) | H111: =MAX(0,C111-D111-E111-F111-G111) | I111: =IF(B111="",0,C111+12*0.0001)
A112: 13 | B112: =IFERROR(INDEX(員警姓名清單,13),"") | C112: =IF(B112="",0,IFERROR(COUNTIFS(Tbl案件[承辦人],B112,Tbl案件[是否破獲],"是",Tbl案件[歸屬年度],(YEAR(今日)-1911)),0)) | D112: =IF(B112="",0,IFERROR(COUNTIFS(Tbl案件[承辦人],B112,Tbl案件[案類分類],"竊盜",Tbl案件[是否破獲],"是",Tbl案件[歸屬年度],(YEAR(今日)-1911)),0)) | E112: =IF(B112="",0,IFERROR(COUNTIFS(Tbl案件[承辦人],B112,Tbl案件[案類分類],"詐欺",Tbl案件[是否破獲],"是",Tbl案件[歸屬年度],(YEAR(今日)-1911)),0)) | F112: =IF(B112="",0,IFERROR(COUNTIFS(Tbl案件[承辦人],B112,Tbl案件[案類分類],"毒品",Tbl案件[是否破獲],"是",Tbl案件[歸屬年度],(YEAR(今日)-1911)),0)) | G112: =IF(B112="",0,IFERROR(COUNTIFS(Tbl案件[承辦人],B112,Tbl案件[案類分類],"暴力犯罪",Tbl案件[是否破獲],"是",Tbl案件[歸屬年度],(YEAR(今日)-1911)),0)) | H112: =MAX(0,C112-D112-E112-F112-G112) | I112: =IF(B112="",0,C112+13*0.0001)
A113: 14 | B113: =IFERROR(INDEX(員警姓名清單,14),"") | C113: =IF(B113="",0,IFERROR(COUNTIFS(Tbl案件[承辦人],B113,Tbl案件[是否破獲],"是",Tbl案件[歸屬年度],(YEAR(今日)-1911)),0)) | D113: =IF(B113="",0,IFERROR(COUNTIFS(Tbl案件[承辦人],B113,Tbl案件[案類分類],"竊盜",Tbl案件[是否破獲],"是",Tbl案件[歸屬年度],(YEAR(今日)-1911)),0)) | E113: =IF(B113="",0,IFERROR(COUNTIFS(Tbl案件[承辦人],B113,Tbl案件[案類分類],"詐欺",Tbl案件[是否破獲],"是",Tbl案件[歸屬年度],(YEAR(今日)-1911)),0)) | F113: =IF(B113="",0,IFERROR(COUNTIFS(Tbl案件[承辦人],B113,Tbl案件[案類分類],"毒品",Tbl案件[是否破獲],"是",Tbl案件[歸屬年度],(YEAR(今日)-1911)),0)) | G113: =IF(B113="",0,IFERROR(COUNTIFS(Tbl案件[承辦人],B113,Tbl案件[案類分類],"暴力犯罪",Tbl案件[是否破獲],"是",Tbl案件[歸屬年度],(YEAR(今日)-1911)),0)) | H113: =MAX(0,C113-D113-E113-F113-G113) | I113: =IF(B113="",0,C113+14*0.0001)
A114: 15 | B114: =IFERROR(INDEX(員警姓名清單,15),"") | C114: =IF(B114="",0,IFERROR(COUNTIFS(Tbl案件[承辦人],B114,Tbl案件[是否破獲],"是",Tbl案件[歸屬年度],(YEAR(今日)-1911)),0)) | D114: =IF(B114="",0,IFERROR(COUNTIFS(Tbl案件[承辦人],B114,Tbl案件[案類分類],"竊盜",Tbl案件[是否破獲],"是",Tbl案件[歸屬年度],(YEAR(今日)-1911)),0)) | E114: =IF(B114="",0,IFERROR(COUNTIFS(Tbl案件[承辦人],B114,Tbl案件[案類分類],"詐欺",Tbl案件[是否破獲],"是",Tbl案件[歸屬年度],(YEAR(今日)-1911)),0)) | F114: =IF(B114="",0,IFERROR(COUNTIFS(Tbl案件[承辦人],B114,Tbl案件[案類分類],"毒品",Tbl案件[是否破獲],"是",Tbl案件[歸屬年度],(YEAR(今日)-1911)),0)) | G114: =IF(B114="",0,IFERROR(COUNTIFS(Tbl案件[承辦人],B114,Tbl案件[案類分類],"暴力犯罪",Tbl案件[是否破獲],"是",Tbl案件[歸屬年度],(YEAR(今日)-1911)),0)) | H114: =MAX(0,C114-D114-E114-F114-G114) | I114: =IF(B114="",0,C114+15*0.0001)
A115: 16 | B115: =IFERROR(INDEX(員警姓名清單,16),"") | C115: =IF(B115="",0,IFERROR(COUNTIFS(Tbl案件[承辦人],B115,Tbl案件[是否破獲],"是",Tbl案件[歸屬年度],(YEAR(今日)-1911)),0)) | D115: =IF(B115="",0,IFERROR(COUNTIFS(Tbl案件[承辦人],B115,Tbl案件[案類分類],"竊盜",Tbl案件[是否破獲],"是",Tbl案件[歸屬年度],(YEAR(今日)-1911)),0)) | E115: =IF(B115="",0,IFERROR(COUNTIFS(Tbl案件[承辦人],B115,Tbl案件[案類分類],"詐欺",Tbl案件[是否破獲],"是",Tbl案件[歸屬年度],(YEAR(今日)-1911)),0)) | F115: =IF(B115="",0,IFERROR(COUNTIFS(Tbl案件[承辦人],B115,Tbl案件[案類分類],"毒品",Tbl案件[是否破獲],"是",Tbl案件[歸屬年度],(YEAR(今日)-1911)),0)) | G115: =IF(B115="",0,IFERROR(COUNTIFS(Tbl案件[承辦人],B115,Tbl案件[案類分類],"暴力犯罪",Tbl案件[是否破獲],"是",Tbl案件[歸屬年度],(YEAR(今日)-1911)),0)) | H115: =MAX(0,C115-D115-E115-F115-G115) | I115: =IF(B115="",0,C115+16*0.0001)
A116: 17 | B116: =IFERROR(INDEX(員警姓名清單,17),"") | C116: =IF(B116="",0,IFERROR(COUNTIFS(Tbl案件[承辦人],B116,Tbl案件[是否破獲],"是",Tbl案件[歸屬年度],(YEAR(今日)-1911)),0)) | D116: =IF(B116="",0,IFERROR(COUNTIFS(Tbl案件[承辦人],B116,Tbl案件[案類分類],"竊盜",Tbl案件[是否破獲],"是",Tbl案件[歸屬年度],(YEAR(今日)-1911)),0)) | E116: =IF(B116="",0,IFERROR(COUNTIFS(Tbl案件[承辦人],B116,Tbl案件[案類分類],"詐欺",Tbl案件[是否破獲],"是",Tbl案件[歸屬年度],(YEAR(今日)-1911)),0)) | F116: =IF(B116="",0,IFERROR(COUNTIFS(Tbl案件[承辦人],B116,Tbl案件[案類分類],"毒品",Tbl案件[是否破獲],"是",Tbl案件[歸屬年度],(YEAR(今日)-1911)),0)) | G116: =IF(B116="",0,IFERROR(COUNTIFS(Tbl案件[承辦人],B116,Tbl案件[案類分類],"暴力犯罪",Tbl案件[是否破獲],"是",Tbl案件[歸屬年度],(YEAR(今日)-1911)),0)) | H116: =MAX(0,C116-D116-E116-F116-G116) | I116: =IF(B116="",0,C116+17*0.0001)
A117: 18 | B117: =IFERROR(INDEX(員警姓名清單,18),"") | C117: =IF(B117="",0,IFERROR(COUNTIFS(Tbl案件[承辦人],B117,Tbl案件[是否破獲],"是",Tbl案件[歸屬年度],(YEAR(今日)-1911)),0)) | D117: =IF(B117="",0,IFERROR(COUNTIFS(Tbl案件[承辦人],B117,Tbl案件[案類分類],"竊盜",Tbl案件[是否破獲],"是",Tbl案件[歸屬年度],(YEAR(今日)-1911)),0)) | E117: =IF(B117="",0,IFERROR(COUNTIFS(Tbl案件[承辦人],B117,Tbl案件[案類分類],"詐欺",Tbl案件[是否破獲],"是",Tbl案件[歸屬年度],(YEAR(今日)-1911)),0)) | F117: =IF(B117="",0,IFERROR(COUNTIFS(Tbl案件[承辦人],B117,Tbl案件[案類分類],"毒品",Tbl案件[是否破獲],"是",Tbl案件[歸屬年度],(YEAR(今日)-1911)),0)) | G117: =IF(B117="",0,IFERROR(COUNTIFS(Tbl案件[承辦人],B117,Tbl案件[案類分類],"暴力犯罪",Tbl案件[是否破獲],"是",Tbl案件[歸屬年度],(YEAR(今日)-1911)),0)) | H117: =MAX(0,C117-D117-E117-F117-G117) | I117: =IF(B117="",0,C117+18*0.0001)
A118: 19 | B118: =IFERROR(INDEX(員警姓名清單,19),"") | C118: =IF(B118="",0,IFERROR(COUNTIFS(Tbl案件[承辦人],B118,Tbl案件[是否破獲],"是",Tbl案件[歸屬年度],(YEAR(今日)-1911)),0)) | D118: =IF(B118="",0,IFERROR(COUNTIFS(Tbl案件[承辦人],B118,Tbl案件[案類分類],"竊盜",Tbl案件[是否破獲],"是",Tbl案件[歸屬年度],(YEAR(今日)-1911)),0)) | E118: =IF(B118="",0,IFERROR(COUNTIFS(Tbl案件[承辦人],B118,Tbl案件[案類分類],"詐欺",Tbl案件[是否破獲],"是",Tbl案件[歸屬年度],(YEAR(今日)-1911)),0)) | F118: =IF(B118="",0,IFERROR(COUNTIFS(Tbl案件[承辦人],B118,Tbl案件[案類分類],"毒品",Tbl案件[是否破獲],"是",Tbl案件[歸屬年度],(YEAR(今日)-1911)),0)) | G118: =IF(B118="",0,IFERROR(COUNTIFS(Tbl案件[承辦人],B118,Tbl案件[案類分類],"暴力犯罪",Tbl案件[是否破獲],"是",Tbl案件[歸屬年度],(YEAR(今日)-1911)),0)) | H118: =MAX(0,C118-D118-E118-F118-G118) | I118: =IF(B118="",0,C118+19*0.0001)
A119: 20 | B119: =IFERROR(INDEX(員警姓名清單,20),"") | C119: =IF(B119="",0,IFERROR(COUNTIFS(Tbl案件[承辦人],B119,Tbl案件[是否破獲],"是",Tbl案件[歸屬年度],(YEAR(今日)-1911)),0)) | D119: =IF(B119="",0,IFERROR(COUNTIFS(Tbl案件[承辦人],B119,Tbl案件[案類分類],"竊盜",Tbl案件[是否破獲],"是",Tbl案件[歸屬年度],(YEAR(今日)-1911)),0)) | E119: =IF(B119="",0,IFERROR(COUNTIFS(Tbl案件[承辦人],B119,Tbl案件[案類分類],"詐欺",Tbl案件[是否破獲],"是",Tbl案件[歸屬年度],(YEAR(今日)-1911)),0)) | F119: =IF(B119="",0,IFERROR(COUNTIFS(Tbl案件[承辦人],B119,Tbl案件[案類分類],"毒品",Tbl案件[是否破獲],"是",Tbl案件[歸屬年度],(YEAR(今日)-1911)),0)) | G119: =IF(B119="",0,IFERROR(COUNTIFS(Tbl案件[承辦人],B119,Tbl案件[案類分類],"暴力犯罪",Tbl案件[是否破獲],"是",Tbl案件[歸屬年度],(YEAR(今日)-1911)),0)) | H119: =MAX(0,C119-D119-E119-F119-G119) | I119: =IF(B119="",0,C119+20*0.0001)
A120: 21 | B120: =IFERROR(INDEX(員警姓名清單,21),"") | C120: =IF(B120="",0,IFERROR(COUNTIFS(Tbl案件[承辦人],B120,Tbl案件[是否破獲],"是",Tbl案件[歸屬年度],(YEAR(今日)-1911)),0)) | D120: =IF(B120="",0,IFERROR(COUNTIFS(Tbl案件[承辦人],B120,Tbl案件[案類分類],"竊盜",Tbl案件[是否破獲],"是",Tbl案件[歸屬年度],(YEAR(今日)-1911)),0)) | E120: =IF(B120="",0,IFERROR(COUNTIFS(Tbl案件[承辦人],B120,Tbl案件[案類分類],"詐欺",Tbl案件[是否破獲],"是",Tbl案件[歸屬年度],(YEAR(今日)-1911)),0)) | F120: =IF(B120="",0,IFERROR(COUNTIFS(Tbl案件[承辦人],B120,Tbl案件[案類分類],"毒品",Tbl案件[是否破獲],"是",Tbl案件[歸屬年度],(YEAR(今日)-1911)),0)) | G120: =IF(B120="",0,IFERROR(COUNTIFS(Tbl案件[承辦人],B120,Tbl案件[案類分類],"暴力犯罪",Tbl案件[是否破獲],"是",Tbl案件[歸屬年度],(YEAR(今日)-1911)),0)) | H120: =MAX(0,C120-D120-E120-F120-G120) | I120: =IF(B120="",0,C120+21*0.0001)
A121: 22 | B121: =IFERROR(INDEX(員警姓名清單,22),"") | C121: =IF(B121="",0,IFERROR(COUNTIFS(Tbl案件[承辦人],B121,Tbl案件[是否破獲],"是",Tbl案件[歸屬年度],(YEAR(今日)-1911)),0)) | D121: =IF(B121="",0,IFERROR(COUNTIFS(Tbl案件[承辦人],B121,Tbl案件[案類分類],"竊盜",Tbl案件[是否破獲],"是",Tbl案件[歸屬年度],(YEAR(今日)-1911)),0)) | E121: =IF(B121="",0,IFERROR(COUNTIFS(Tbl案件[承辦人],B121,Tbl案件[案類分類],"詐欺",Tbl案件[是否破獲],"是",Tbl案件[歸屬年度],(YEAR(今日)-1911)),0)) | F121: =IF(B121="",0,IFERROR(COUNTIFS(Tbl案件[承辦人],B121,Tbl案件[案類分類],"毒品",Tbl案件[是否破獲],"是",Tbl案件[歸屬年度],(YEAR(今日)-1911)),0)) | G121: =IF(B121="",0,IFERROR(COUNTIFS(Tbl案件[承辦人],B121,Tbl案件[案類分類],"暴力犯罪",Tbl案件[是否破獲],"是",Tbl案件[歸屬年度],(YEAR(今日)-1911)),0)) | H121: =MAX(0,C121-D121-E121-F121-G121) | I121: =IF(B121="",0,C121+22*0.0001)
A122: 23 | B122: =IFERROR(INDEX(員警姓名清單,23),"") | C122: =IF(B122="",0,IFERROR(COUNTIFS(Tbl案件[承辦人],B122,Tbl案件[是否破獲],"是",Tbl案件[歸屬年度],(YEAR(今日)-1911)),0)) | D122: =IF(B122="",0,IFERROR(COUNTIFS(Tbl案件[承辦人],B122,Tbl案件[案類分類],"竊盜",Tbl案件[是否破獲],"是",Tbl案件[歸屬年度],(YEAR(今日)-1911)),0)) | E122: =IF(B122="",0,IFERROR(COUNTIFS(Tbl案件[承辦人],B122,Tbl案件[案類分類],"詐欺",Tbl案件[是否破獲],"是",Tbl案件[歸屬年度],(YEAR(今日)-1911)),0)) | F122: =IF(B122="",0,IFERROR(COUNTIFS(Tbl案件[承辦人],B122,Tbl案件[案類分類],"毒品",Tbl案件[是否破獲],"是",Tbl案件[歸屬年度],(YEAR(今日)-1911)),0)) | G122: =IF(B122="",0,IFERROR(COUNTIFS(Tbl案件[承辦人],B122,Tbl案件[案類分類],"暴力犯罪",Tbl案件[是否破獲],"是",Tbl案件[歸屬年度],(YEAR(今日)-1911)),0)) | H122: =MAX(0,C122-D122-E122-F122-G122) | I122: =IF(B122="",0,C122+23*0.0001)
A123: 24 | B123: =IFERROR(INDEX(員警姓名清單,24),"") | C123: =IF(B123="",0,IFERROR(COUNTIFS(Tbl案件[承辦人],B123,Tbl案件[是否破獲],"是",Tbl案件[歸屬年度],(YEAR(今日)-1911)),0)) | D123: =IF(B123="",0,IFERROR(COUNTIFS(Tbl案件[承辦人],B123,Tbl案件[案類分類],"竊盜",Tbl案件[是否破獲],"是",Tbl案件[歸屬年度],(YEAR(今日)-1911)),0)) | E123: =IF(B123="",0,IFERROR(COUNTIFS(Tbl案件[承辦人],B123,Tbl案件[案類分類],"詐欺",Tbl案件[是否破獲],"是",Tbl案件[歸屬年度],(YEAR(今日)-1911)),0)) | F123: =IF(B123="",0,IFERROR(COUNTIFS(Tbl案件[承辦人],B123,Tbl案件[案類分類],"毒品",Tbl案件[是否破獲],"是",Tbl案件[歸屬年度],(YEAR(今日)-1911)),0)) | G123: =IF(B123="",0,IFERROR(COUNTIFS(Tbl案件[承辦人],B123,Tbl案件[案類分類],"暴力犯罪",Tbl案件[是否破獲],"是",Tbl案件[歸屬年度],(YEAR(今日)-1911)),0)) | H123: =MAX(0,C123-D123-E123-F123-G123) | I123: =IF(B123="",0,C123+24*0.0001)
A124: 25 | B124: =IFERROR(INDEX(員警姓名清單,25),"") | C124: =IF(B124="",0,IFERROR(COUNTIFS(Tbl案件[承辦人],B124,Tbl案件[是否破獲],"是",Tbl案件[歸屬年度],(YEAR(今日)-1911)),0)) | D124: =IF(B124="",0,IFERROR(COUNTIFS(Tbl案件[承辦人],B124,Tbl案件[案類分類],"竊盜",Tbl案件[是否破獲],"是",Tbl案件[歸屬年度],(YEAR(今日)-1911)),0)) | E124: =IF(B124="",0,IFERROR(COUNTIFS(Tbl案件[承辦人],B124,Tbl案件[案類分類],"詐欺",Tbl案件[是否破獲],"是",Tbl案件[歸屬年度],(YEAR(今日)-1911)),0)) | F124: =IF(B124="",0,IFERROR(COUNTIFS(Tbl案件[承辦人],B124,Tbl案件[案類分類],"毒品",Tbl案件[是否破獲],"是",Tbl案件[歸屬年度],(YEAR(今日)-1911)),0)) | G124: =IF(B124="",0,IFERROR(COUNTIFS(Tbl案件[承辦人],B124,Tbl案件[案類分類],"暴力犯罪",Tbl案件[是否破獲],"是",Tbl案件[歸屬年度],(YEAR(今日)-1911)),0)) | H124: =MAX(0,C124-D124-E124-F124-G124) | I124: =IF(B124="",0,C124+25*0.0001)
A125: 26 | B125: =IFERROR(INDEX(員警姓名清單,26),"") | C125: =IF(B125="",0,IFERROR(COUNTIFS(Tbl案件[承辦人],B125,Tbl案件[是否破獲],"是",Tbl案件[歸屬年度],(YEAR(今日)-1911)),0)) | D125: =IF(B125="",0,IFERROR(COUNTIFS(Tbl案件[承辦人],B125,Tbl案件[案類分類],"竊盜",Tbl案件[是否破獲],"是",Tbl案件[歸屬年度],(YEAR(今日)-1911)),0)) | E125: =IF(B125="",0,IFERROR(COUNTIFS(Tbl案件[承辦人],B125,Tbl案件[案類分類],"詐欺",Tbl案件[是否破獲],"是",Tbl案件[歸屬年度],(YEAR(今日)-1911)),0)) | F125: =IF(B125="",0,IFERROR(COUNTIFS(Tbl案件[承辦人],B125,Tbl案件[案類分類],"毒品",Tbl案件[是否破獲],"是",Tbl案件[歸屬年度],(YEAR(今日)-1911)),0)) | G125: =IF(B125="",0,IFERROR(COUNTIFS(Tbl案件[承辦人],B125,Tbl案件[案類分類],"暴力犯罪",Tbl案件[是否破獲],"是",Tbl案件[歸屬年度],(YEAR(今日)-1911)),0)) | H125: =MAX(0,C125-D125-E125-F125-G125) | I125: =IF(B125="",0,C125+26*0.0001)
A126: 27 | B126: =IFERROR(INDEX(員警姓名清單,27),"") | C126: =IF(B126="",0,IFERROR(COUNTIFS(Tbl案件[承辦人],B126,Tbl案件[是否破獲],"是",Tbl案件[歸屬年度],(YEAR(今日)-1911)),0)) | D126: =IF(B126="",0,IFERROR(COUNTIFS(Tbl案件[承辦人],B126,Tbl案件[案類分類],"竊盜",Tbl案件[是否破獲],"是",Tbl案件[歸屬年度],(YEAR(今日)-1911)),0)) | E126: =IF(B126="",0,IFERROR(COUNTIFS(Tbl案件[承辦人],B126,Tbl案件[案類分類],"詐欺",Tbl案件[是否破獲],"是",Tbl案件[歸屬年度],(YEAR(今日)-1911)),0)) | F126: =IF(B126="",0,IFERROR(COUNTIFS(Tbl案件[承辦人],B126,Tbl案件[案類分類],"毒品",Tbl案件[是否破獲],"是",Tbl案件[歸屬年度],(YEAR(今日)-1911)),0)) | G126: =IF(B126="",0,IFERROR(COUNTIFS(Tbl案件[承辦人],B126,Tbl案件[案類分類],"暴力犯罪",Tbl案件[是否破獲],"是",Tbl案件[歸屬年度],(YEAR(今日)-1911)),0)) | H126: =MAX(0,C126-D126-E126-F126-G126) | I126: =IF(B126="",0,C126+27*0.0001)
A127: 28 | B127: =IFERROR(INDEX(員警姓名清單,28),"") | C127: =IF(B127="",0,IFERROR(COUNTIFS(Tbl案件[承辦人],B127,Tbl案件[是否破獲],"是",Tbl案件[歸屬年度],(YEAR(今日)-1911)),0)) | D127: =IF(B127="",0,IFERROR(COUNTIFS(Tbl案件[承辦人],B127,Tbl案件[案類分類],"竊盜",Tbl案件[是否破獲],"是",Tbl案件[歸屬年度],(YEAR(今日)-1911)),0)) | E127: =IF(B127="",0,IFERROR(COUNTIFS(Tbl案件[承辦人],B127,Tbl案件[案類分類],"詐欺",Tbl案件[是否破獲],"是",Tbl案件[歸屬年度],(YEAR(今日)-1911)),0)) | F127: =IF(B127="",0,IFERROR(COUNTIFS(Tbl案件[承辦人],B127,Tbl案件[案類分類],"毒品",Tbl案件[是否破獲],"是",Tbl案件[歸屬年度],(YEAR(今日)-1911)),0)) | G127: =IF(B127="",0,IFERROR(COUNTIFS(Tbl案件[承辦人],B127,Tbl案件[案類分類],"暴力犯罪",Tbl案件[是否破獲],"是",Tbl案件[歸屬年度],(YEAR(今日)-1911)),0)) | H127: =MAX(0,C127-D127-E127-F127-G127) | I127: =IF(B127="",0,C127+28*0.0001)
A128: 29 | B128: =IFERROR(INDEX(員警姓名清單,29),"") | C128: =IF(B128="",0,IFERROR(COUNTIFS(Tbl案件[承辦人],B128,Tbl案件[是否破獲],"是",Tbl案件[歸屬年度],(YEAR(今日)-1911)),0)) | D128: =IF(B128="",0,IFERROR(COUNTIFS(Tbl案件[承辦人],B128,Tbl案件[案類分類],"竊盜",Tbl案件[是否破獲],"是",Tbl案件[歸屬年度],(YEAR(今日)-1911)),0)) | E128: =IF(B128="",0,IFERROR(COUNTIFS(Tbl案件[承辦人],B128,Tbl案件[案類分類],"詐欺",Tbl案件[是否破獲],"是",Tbl案件[歸屬年度],(YEAR(今日)-1911)),0)) | F128: =IF(B128="",0,IFERROR(COUNTIFS(Tbl案件[承辦人],B128,Tbl案件[案類分類],"毒品",Tbl案件[是否破獲],"是",Tbl案件[歸屬年度],(YEAR(今日)-1911)),0)) | G128: =IF(B128="",0,IFERROR(COUNTIFS(Tbl案件[承辦人],B128,Tbl案件[案類分類],"暴力犯罪",Tbl案件[是否破獲],"是",Tbl案件[歸屬年度],(YEAR(今日)-1911)),0)) | H128: =MAX(0,C128-D128-E128-F128-G128) | I128: =IF(B128="",0,C128+29*0.0001)
A129: 30 | B129: =IFERROR(INDEX(員警姓名清單,30),"") | C129: =IF(B129="",0,IFERROR(COUNTIFS(Tbl案件[承辦人],B129,Tbl案件[是否破獲],"是",Tbl案件[歸屬年度],(YEAR(今日)-1911)),0)) | D129: =IF(B129="",0,IFERROR(COUNTIFS(Tbl案件[承辦人],B129,Tbl案件[案類分類],"竊盜",Tbl案件[是否破獲],"是",Tbl案件[歸屬年度],(YEAR(今日)-1911)),0)) | E129: =IF(B129="",0,IFERROR(COUNTIFS(Tbl案件[承辦人],B129,Tbl案件[案類分類],"詐欺",Tbl案件[是否破獲],"是",Tbl案件[歸屬年度],(YEAR(今日)-1911)),0)) | F129: =IF(B129="",0,IFERROR(COUNTIFS(Tbl案件[承辦人],B129,Tbl案件[案類分類],"毒品",Tbl案件[是否破獲],"是",Tbl案件[歸屬年度],(YEAR(今日)-1911)),0)) | G129: =IF(B129="",0,IFERROR(COUNTIFS(Tbl案件[承辦人],B129,Tbl案件[案類分類],"暴力犯罪",Tbl案件[是否破獲],"是",Tbl案件[歸屬年度],(YEAR(今日)-1911)),0)) | H129: =MAX(0,C129-D129-E129-F129-G129) | I129: =IF(B129="",0,C129+30*0.0001)
A130: 31 | B130: =IFERROR(INDEX(員警姓名清單,31),"") | C130: =IF(B130="",0,IFERROR(COUNTIFS(Tbl案件[承辦人],B130,Tbl案件[是否破獲],"是",Tbl案件[歸屬年度],(YEAR(今日)-1911)),0)) | D130: =IF(B130="",0,IFERROR(COUNTIFS(Tbl案件[承辦人],B130,Tbl案件[案類分類],"竊盜",Tbl案件[是否破獲],"是",Tbl案件[歸屬年度],(YEAR(今日)-1911)),0)) | E130: =IF(B130="",0,IFERROR(COUNTIFS(Tbl案件[承辦人],B130,Tbl案件[案類分類],"詐欺",Tbl案件[是否破獲],"是",Tbl案件[歸屬年度],(YEAR(今日)-1911)),0)) | F130: =IF(B130="",0,IFERROR(COUNTIFS(Tbl案件[承辦人],B130,Tbl案件[案類分類],"毒品",Tbl案件[是否破獲],"是",Tbl案件[歸屬年度],(YEAR(今日)-1911)),0)) | G130: =IF(B130="",0,IFERROR(COUNTIFS(Tbl案件[承辦人],B130,Tbl案件[案類分類],"暴力犯罪",Tbl案件[是否破獲],"是",Tbl案件[歸屬年度],(YEAR(今日)-1911)),0)) | H130: =MAX(0,C130-D130-E130-F130-G130) | I130: =IF(B130="",0,C130+31*0.0001)
A131: 32 | B131: =IFERROR(INDEX(員警姓名清單,32),"") | C131: =IF(B131="",0,IFERROR(COUNTIFS(Tbl案件[承辦人],B131,Tbl案件[是否破獲],"是",Tbl案件[歸屬年度],(YEAR(今日)-1911)),0)) | D131: =IF(B131="",0,IFERROR(COUNTIFS(Tbl案件[承辦人],B131,Tbl案件[案類分類],"竊盜",Tbl案件[是否破獲],"是",Tbl案件[歸屬年度],(YEAR(今日)-1911)),0)) | E131: =IF(B131="",0,IFERROR(COUNTIFS(Tbl案件[承辦人],B131,Tbl案件[案類分類],"詐欺",Tbl案件[是否破獲],"是",Tbl案件[歸屬年度],(YEAR(今日)-1911)),0)) | F131: =IF(B131="",0,IFERROR(COUNTIFS(Tbl案件[承辦人],B131,Tbl案件[案類分類],"毒品",Tbl案件[是否破獲],"是",Tbl案件[歸屬年度],(YEAR(今日)-1911)),0)) | G131: =IF(B131="",0,IFERROR(COUNTIFS(Tbl案件[承辦人],B131,Tbl案件[案類分類],"暴力犯罪",Tbl案件[是否破獲],"是",Tbl案件[歸屬年度],(YEAR(今日)-1911)),0)) | H131: =MAX(0,C131-D131-E131-F131-G131) | I131: =IF(B131="",0,C131+32*0.0001)
A132: 33 | B132: =IFERROR(INDEX(員警姓名清單,33),"") | C132: =IF(B132="",0,IFERROR(COUNTIFS(Tbl案件[承辦人],B132,Tbl案件[是否破獲],"是",Tbl案件[歸屬年度],(YEAR(今日)-1911)),0)) | D132: =IF(B132="",0,IFERROR(COUNTIFS(Tbl案件[承辦人],B132,Tbl案件[案類分類],"竊盜",Tbl案件[是否破獲],"是",Tbl案件[歸屬年度],(YEAR(今日)-1911)),0)) | E132: =IF(B132="",0,IFERROR(COUNTIFS(Tbl案件[承辦人],B132,Tbl案件[案類分類],"詐欺",Tbl案件[是否破獲],"是",Tbl案件[歸屬年度],(YEAR(今日)-1911)),0)) | F132: =IF(B132="",0,IFERROR(COUNTIFS(Tbl案件[承辦人],B132,Tbl案件[案類分類],"毒品",Tbl案件[是否破獲],"是",Tbl案件[歸屬年度],(YEAR(今日)-1911)),0)) | G132: =IF(B132="",0,IFERROR(COUNTIFS(Tbl案件[承辦人],B132,Tbl案件[案類分類],"暴力犯罪",Tbl案件[是否破獲],"是",Tbl案件[歸屬年度],(YEAR(今日)-1911)),0)) | H132: =MAX(0,C132-D132-E132-F132-G132) | I132: =IF(B132="",0,C132+33*0.0001)
A133: 34 | B133: =IFERROR(INDEX(員警姓名清單,34),"") | C133: =IF(B133="",0,IFERROR(COUNTIFS(Tbl案件[承辦人],B133,Tbl案件[是否破獲],"是",Tbl案件[歸屬年度],(YEAR(今日)-1911)),0)) | D133: =IF(B133="",0,IFERROR(COUNTIFS(Tbl案件[承辦人],B133,Tbl案件[案類分類],"竊盜",Tbl案件[是否破獲],"是",Tbl案件[歸屬年度],(YEAR(今日)-1911)),0)) | E133: =IF(B133="",0,IFERROR(COUNTIFS(Tbl案件[承辦人],B133,Tbl案件[案類分類],"詐欺",Tbl案件[是否破獲],"是",Tbl案件[歸屬年度],(YEAR(今日)-1911)),0)) | F133: =IF(B133="",0,IFERROR(COUNTIFS(Tbl案件[承辦人],B133,Tbl案件[案類分類],"毒品",Tbl案件[是否破獲],"是",Tbl案件[歸屬年度],(YEAR(今日)-1911)),0)) | G133: =IF(B133="",0,IFERROR(COUNTIFS(Tbl案件[承辦人],B133,Tbl案件[案類分類],"暴力犯罪",Tbl案件[是否破獲],"是",Tbl案件[歸屬年度],(YEAR(今日)-1911)),0)) | H133: =MAX(0,C133-D133-E133-F133-G133) | I133: =IF(B133="",0,C133+34*0.0001)
A134: 35 | B134: =IFERROR(INDEX(員警姓名清單,35),"") | C134: =IF(B134="",0,IFERROR(COUNTIFS(Tbl案件[承辦人],B134,Tbl案件[是否破獲],"是",Tbl案件[歸屬年度],(YEAR(今日)-1911)),0)) | D134: =IF(B134="",0,IFERROR(COUNTIFS(Tbl案件[承辦人],B134,Tbl案件[案類分類],"竊盜",Tbl案件[是否破獲],"是",Tbl案件[歸屬年度],(YEAR(今日)-1911)),0)) | E134: =IF(B134="",0,IFERROR(COUNTIFS(Tbl案件[承辦人],B134,Tbl案件[案類分類],"詐欺",Tbl案件[是否破獲],"是",Tbl案件[歸屬年度],(YEAR(今日)-1911)),0)) | F134: =IF(B134="",0,IFERROR(COUNTIFS(Tbl案件[承辦人],B134,Tbl案件[案類分類],"毒品",Tbl案件[是否破獲],"是",Tbl案件[歸屬年度],(YEAR(今日)-1911)),0)) | G134: =IF(B134="",0,IFERROR(COUNTIFS(Tbl案件[承辦人],B134,Tbl案件[案類分類],"暴力犯罪",Tbl案件[是否破獲],"是",Tbl案件[歸屬年度],(YEAR(今日)-1911)),0)) | H134: =MAX(0,C134-D134-E134-F134-G134) | I134: =IF(B134="",0,C134+35*0.0001)
A135: 36 | B135: =IFERROR(INDEX(員警姓名清單,36),"") | C135: =IF(B135="",0,IFERROR(COUNTIFS(Tbl案件[承辦人],B135,Tbl案件[是否破獲],"是",Tbl案件[歸屬年度],(YEAR(今日)-1911)),0)) | D135: =IF(B135="",0,IFERROR(COUNTIFS(Tbl案件[承辦人],B135,Tbl案件[案類分類],"竊盜",Tbl案件[是否破獲],"是",Tbl案件[歸屬年度],(YEAR(今日)-1911)),0)) | E135: =IF(B135="",0,IFERROR(COUNTIFS(Tbl案件[承辦人],B135,Tbl案件[案類分類],"詐欺",Tbl案件[是否破獲],"是",Tbl案件[歸屬年度],(YEAR(今日)-1911)),0)) | F135: =IF(B135="",0,IFERROR(COUNTIFS(Tbl案件[承辦人],B135,Tbl案件[案類分類],"毒品",Tbl案件[是否破獲],"是",Tbl案件[歸屬年度],(YEAR(今日)-1911)),0)) | G135: =IF(B135="",0,IFERROR(COUNTIFS(Tbl案件[承辦人],B135,Tbl案件[案類分類],"暴力犯罪",Tbl案件[是否破獲],"是",Tbl案件[歸屬年度],(YEAR(今日)-1911)),0)) | H135: =MAX(0,C135-D135-E135-F135-G135) | I135: =IF(B135="",0,C135+36*0.0001)
A136: 37 | B136: =IFERROR(INDEX(員警姓名清單,37),"") | C136: =IF(B136="",0,IFERROR(COUNTIFS(Tbl案件[承辦人],B136,Tbl案件[是否破獲],"是",Tbl案件[歸屬年度],(YEAR(今日)-1911)),0)) | D136: =IF(B136="",0,IFERROR(COUNTIFS(Tbl案件[承辦人],B136,Tbl案件[案類分類],"竊盜",Tbl案件[是否破獲],"是",Tbl案件[歸屬年度],(YEAR(今日)-1911)),0)) | E136: =IF(B136="",0,IFERROR(COUNTIFS(Tbl案件[承辦人],B136,Tbl案件[案類分類],"詐欺",Tbl案件[是否破獲],"是",Tbl案件[歸屬年度],(YEAR(今日)-1911)),0)) | F136: =IF(B136="",0,IFERROR(COUNTIFS(Tbl案件[承辦人],B136,Tbl案件[案類分類],"毒品",Tbl案件[是否破獲],"是",Tbl案件[歸屬年度],(YEAR(今日)-1911)),0)) | G136: =IF(B136="",0,IFERROR(COUNTIFS(Tbl案件[承辦人],B136,Tbl案件[案類分類],"暴力犯罪",Tbl案件[是否破獲],"是",Tbl案件[歸屬年度],(YEAR(今日)-1911)),0)) | H136: =MAX(0,C136-D136-E136-F136-G136) | I136: =IF(B136="",0,C136+37*0.0001)
A137: 38 | B137: =IFERROR(INDEX(員警姓名清單,38),"") | C137: =IF(B137="",0,IFERROR(COUNTIFS(Tbl案件[承辦人],B137,Tbl案件[是否破獲],"是",Tbl案件[歸屬年度],(YEAR(今日)-1911)),0)) | D137: =IF(B137="",0,IFERROR(COUNTIFS(Tbl案件[承辦人],B137,Tbl案件[案類分類],"竊盜",Tbl案件[是否破獲],"是",Tbl案件[歸屬年度],(YEAR(今日)-1911)),0)) | E137: =IF(B137="",0,IFERROR(COUNTIFS(Tbl案件[承辦人],B137,Tbl案件[案類分類],"詐欺",Tbl案件[是否破獲],"是",Tbl案件[歸屬年度],(YEAR(今日)-1911)),0)) | F137: =IF(B137="",0,IFERROR(COUNTIFS(Tbl案件[承辦人],B137,Tbl案件[案類分類],"毒品",Tbl案件[是否破獲],"是",Tbl案件[歸屬年度],(YEAR(今日)-1911)),0)) | G137: =IF(B137="",0,IFERROR(COUNTIFS(Tbl案件[承辦人],B137,Tbl案件[案類分類],"暴力犯罪",Tbl案件[是否破獲],"是",Tbl案件[歸屬年度],(YEAR(今日)-1911)),0)) | H137: =MAX(0,C137-D137-E137-F137-G137) | I137: =IF(B137="",0,C137+38*0.0001)
A138: 39 | B138: =IFERROR(INDEX(員警姓名清單,39),"") | C138: =IF(B138="",0,IFERROR(COUNTIFS(Tbl案件[承辦人],B138,Tbl案件[是否破獲],"是",Tbl案件[歸屬年度],(YEAR(今日)-1911)),0)) | D138: =IF(B138="",0,IFERROR(COUNTIFS(Tbl案件[承辦人],B138,Tbl案件[案類分類],"竊盜",Tbl案件[是否破獲],"是",Tbl案件[歸屬年度],(YEAR(今日)-1911)),0)) | E138: =IF(B138="",0,IFERROR(COUNTIFS(Tbl案件[承辦人],B138,Tbl案件[案類分類],"詐欺",Tbl案件[是否破獲],"是",Tbl案件[歸屬年度],(YEAR(今日)-1911)),0)) | F138: =IF(B138="",0,IFERROR(COUNTIFS(Tbl案件[承辦人],B138,Tbl案件[案類分類],"毒品",Tbl案件[是否破獲],"是",Tbl案件[歸屬年度],(YEAR(今日)-1911)),0)) | G138: =IF(B138="",0,IFERROR(COUNTIFS(Tbl案件[承辦人],B138,Tbl案件[案類分類],"暴力犯罪",Tbl案件[是否破獲],"是",Tbl案件[歸屬年度],(YEAR(今日)-1911)),0)) | H138: =MAX(0,C138-D138-E138-F138-G138) | I138: =IF(B138="",0,C138+39*0.0001)
A139: 40 | B139: =IFERROR(INDEX(員警姓名清單,40),"") | C139: =IF(B139="",0,IFERROR(COUNTIFS(Tbl案件[承辦人],B139,Tbl案件[是否破獲],"是",Tbl案件[歸屬年度],(YEAR(今日)-1911)),0)) | D139: =IF(B139="",0,IFERROR(COUNTIFS(Tbl案件[承辦人],B139,Tbl案件[案類分類],"竊盜",Tbl案件[是否破獲],"是",Tbl案件[歸屬年度],(YEAR(今日)-1911)),0)) | E139: =IF(B139="",0,IFERROR(COUNTIFS(Tbl案件[承辦人],B139,Tbl案件[案類分類],"詐欺",Tbl案件[是否破獲],"是",Tbl案件[歸屬年度],(YEAR(今日)-1911)),0)) | F139: =IF(B139="",0,IFERROR(COUNTIFS(Tbl案件[承辦人],B139,Tbl案件[案類分類],"毒品",Tbl案件[是否破獲],"是",Tbl案件[歸屬年度],(YEAR(今日)-1911)),0)) | G139: =IF(B139="",0,IFERROR(COUNTIFS(Tbl案件[承辦人],B139,Tbl案件[案類分類],"暴力犯罪",Tbl案件[是否破獲],"是",Tbl案件[歸屬年度],(YEAR(今日)-1911)),0)) | H139: =MAX(0,C139-D139-E139-F139-G139) | I139: =IF(B139="",0,C139+40*0.0001)
A140: 41 | B140: =IFERROR(INDEX(員警姓名清單,41),"") | C140: =IF(B140="",0,IFERROR(COUNTIFS(Tbl案件[承辦人],B140,Tbl案件[是否破獲],"是",Tbl案件[歸屬年度],(YEAR(今日)-1911)),0)) | D140: =IF(B140="",0,IFERROR(COUNTIFS(Tbl案件[承辦人],B140,Tbl案件[案類分類],"竊盜",Tbl案件[是否破獲],"是",Tbl案件[歸屬年度],(YEAR(今日)-1911)),0)) | E140: =IF(B140="",0,IFERROR(COUNTIFS(Tbl案件[承辦人],B140,Tbl案件[案類分類],"詐欺",Tbl案件[是否破獲],"是",Tbl案件[歸屬年度],(YEAR(今日)-1911)),0)) | F140: =IF(B140="",0,IFERROR(COUNTIFS(Tbl案件[承辦人],B140,Tbl案件[案類分類],"毒品",Tbl案件[是否破獲],"是",Tbl案件[歸屬年度],(YEAR(今日)-1911)),0)) | G140: =IF(B140="",0,IFERROR(COUNTIFS(Tbl案件[承辦人],B140,Tbl案件[案類分類],"暴力犯罪",Tbl案件[是否破獲],"是",Tbl案件[歸屬年度],(YEAR(今日)-1911)),0)) | H140: =MAX(0,C140-D140-E140-F140-G140) | I140: =IF(B140="",0,C140+41*0.0001)
A141: 42 | B141: =IFERROR(INDEX(員警姓名清單,42),"") | C141: =IF(B141="",0,IFERROR(COUNTIFS(Tbl案件[承辦人],B141,Tbl案件[是否破獲],"是",Tbl案件[歸屬年度],(YEAR(今日)-1911)),0)) | D141: =IF(B141="",0,IFERROR(COUNTIFS(Tbl案件[承辦人],B141,Tbl案件[案類分類],"竊盜",Tbl案件[是否破獲],"是",Tbl案件[歸屬年度],(YEAR(今日)-1911)),0)) | E141: =IF(B141="",0,IFERROR(COUNTIFS(Tbl案件[承辦人],B141,Tbl案件[案類分類],"詐欺",Tbl案件[是否破獲],"是",Tbl案件[歸屬年度],(YEAR(今日)-1911)),0)) | F141: =IF(B141="",0,IFERROR(COUNTIFS(Tbl案件[承辦人],B141,Tbl案件[案類分類],"毒品",Tbl案件[是否破獲],"是",Tbl案件[歸屬年度],(YEAR(今日)-1911)),0)) | G141: =IF(B141="",0,IFERROR(COUNTIFS(Tbl案件[承辦人],B141,Tbl案件[案類分類],"暴力犯罪",Tbl案件[是否破獲],"是",Tbl案件[歸屬年度],(YEAR(今日)-1911)),0)) | H141: =MAX(0,C141-D141-E141-F141-G141) | I141: =IF(B141="",0,C141+42*0.0001)
A142: 43 | B142: =IFERROR(INDEX(員警姓名清單,43),"") | C142: =IF(B142="",0,IFERROR(COUNTIFS(Tbl案件[承辦人],B142,Tbl案件[是否破獲],"是",Tbl案件[歸屬年度],(YEAR(今日)-1911)),0)) | D142: =IF(B142="",0,IFERROR(COUNTIFS(Tbl案件[承辦人],B142,Tbl案件[案類分類],"竊盜",Tbl案件[是否破獲],"是",Tbl案件[歸屬年度],(YEAR(今日)-1911)),0)) | E142: =IF(B142="",0,IFERROR(COUNTIFS(Tbl案件[承辦人],B142,Tbl案件[案類分類],"詐欺",Tbl案件[是否破獲],"是",Tbl案件[歸屬年度],(YEAR(今日)-1911)),0)) | F142: =IF(B142="",0,IFERROR(COUNTIFS(Tbl案件[承辦人],B142,Tbl案件[案類分類],"毒品",Tbl案件[是否破獲],"是",Tbl案件[歸屬年度],(YEAR(今日)-1911)),0)) | G142: =IF(B142="",0,IFERROR(COUNTIFS(Tbl案件[承辦人],B142,Tbl案件[案類分類],"暴力犯罪",Tbl案件[是否破獲],"是",Tbl案件[歸屬年度],(YEAR(今日)-1911)),0)) | H142: =MAX(0,C142-D142-E142-F142-G142) | I142: =IF(B142="",0,C142+43*0.0001)
A143: 44 | B143: =IFERROR(INDEX(員警姓名清單,44),"") | C143: =IF(B143="",0,IFERROR(COUNTIFS(Tbl案件[承辦人],B143,Tbl案件[是否破獲],"是",Tbl案件[歸屬年度],(YEAR(今日)-1911)),0)) | D143: =IF(B143="",0,IFERROR(COUNTIFS(Tbl案件[承辦人],B143,Tbl案件[案類分類],"竊盜",Tbl案件[是否破獲],"是",Tbl案件[歸屬年度],(YEAR(今日)-1911)),0)) | E143: =IF(B143="",0,IFERROR(COUNTIFS(Tbl案件[承辦人],B143,Tbl案件[案類分類],"詐欺",Tbl案件[是否破獲],"是",Tbl案件[歸屬年度],(YEAR(今日)-1911)),0)) | F143: =IF(B143="",0,IFERROR(COUNTIFS(Tbl案件[承辦人],B143,Tbl案件[案類分類],"毒品",Tbl案件[是否破獲],"是",Tbl案件[歸屬年度],(YEAR(今日)-1911)),0)) | G143: =IF(B143="",0,IFERROR(COUNTIFS(Tbl案件[承辦人],B143,Tbl案件[案類分類],"暴力犯罪",Tbl案件[是否破獲],"是",Tbl案件[歸屬年度],(YEAR(今日)-1911)),0)) | H143: =MAX(0,C143-D143-E143-F143-G143) | I143: =IF(B143="",0,C143+44*0.0001)
A144: 45 | B144: =IFERROR(INDEX(員警姓名清單,45),"") | C144: =IF(B144="",0,IFERROR(COUNTIFS(Tbl案件[承辦人],B144,Tbl案件[是否破獲],"是",Tbl案件[歸屬年度],(YEAR(今日)-1911)),0)) | D144: =IF(B144="",0,IFERROR(COUNTIFS(Tbl案件[承辦人],B144,Tbl案件[案類分類],"竊盜",Tbl案件[是否破獲],"是",Tbl案件[歸屬年度],(YEAR(今日)-1911)),0)) | E144: =IF(B144="",0,IFERROR(COUNTIFS(Tbl案件[承辦人],B144,Tbl案件[案類分類],"詐欺",Tbl案件[是否破獲],"是",Tbl案件[歸屬年度],(YEAR(今日)-1911)),0)) | F144: =IF(B144="",0,IFERROR(COUNTIFS(Tbl案件[承辦人],B144,Tbl案件[案類分類],"毒品",Tbl案件[是否破獲],"是",Tbl案件[歸屬年度],(YEAR(今日)-1911)),0)) | G144: =IF(B144="",0,IFERROR(COUNTIFS(Tbl案件[承辦人],B144,Tbl案件[案類分類],"暴力犯罪",Tbl案件[是否破獲],"是",Tbl案件[歸屬年度],(YEAR(今日)-1911)),0)) | H144: =MAX(0,C144-D144-E144-F144-G144) | I144: =IF(B144="",0,C144+45*0.0001)
A145: 46 | B145: =IFERROR(INDEX(員警姓名清單,46),"") | C145: =IF(B145="",0,IFERROR(COUNTIFS(Tbl案件[承辦人],B145,Tbl案件[是否破獲],"是",Tbl案件[歸屬年度],(YEAR(今日)-1911)),0)) | D145: =IF(B145="",0,IFERROR(COUNTIFS(Tbl案件[承辦人],B145,Tbl案件[案類分類],"竊盜",Tbl案件[是否破獲],"是",Tbl案件[歸屬年度],(YEAR(今日)-1911)),0)) | E145: =IF(B145="",0,IFERROR(COUNTIFS(Tbl案件[承辦人],B145,Tbl案件[案類分類],"詐欺",Tbl案件[是否破獲],"是",Tbl案件[歸屬年度],(YEAR(今日)-1911)),0)) | F145: =IF(B145="",0,IFERROR(COUNTIFS(Tbl案件[承辦人],B145,Tbl案件[案類分類],"毒品",Tbl案件[是否破獲],"是",Tbl案件[歸屬年度],(YEAR(今日)-1911)),0)) | G145: =IF(B145="",0,IFERROR(COUNTIFS(Tbl案件[承辦人],B145,Tbl案件[案類分類],"暴力犯罪",Tbl案件[是否破獲],"是",Tbl案件[歸屬年度],(YEAR(今日)-1911)),0)) | H145: =MAX(0,C145-D145-E145-F145-G145) | I145: =IF(B145="",0,C145+46*0.0001)
A146: 47 | B146: =IFERROR(INDEX(員警姓名清單,47),"") | C146: =IF(B146="",0,IFERROR(COUNTIFS(Tbl案件[承辦人],B146,Tbl案件[是否破獲],"是",Tbl案件[歸屬年度],(YEAR(今日)-1911)),0)) | D146: =IF(B146="",0,IFERROR(COUNTIFS(Tbl案件[承辦人],B146,Tbl案件[案類分類],"竊盜",Tbl案件[是否破獲],"是",Tbl案件[歸屬年度],(YEAR(今日)-1911)),0)) | E146: =IF(B146="",0,IFERROR(COUNTIFS(Tbl案件[承辦人],B146,Tbl案件[案類分類],"詐欺",Tbl案件[是否破獲],"是",Tbl案件[歸屬年度],(YEAR(今日)-1911)),0)) | F146: =IF(B146="",0,IFERROR(COUNTIFS(Tbl案件[承辦人],B146,Tbl案件[案類分類],"毒品",Tbl案件[是否破獲],"是",Tbl案件[歸屬年度],(YEAR(今日)-1911)),0)) | G146: =IF(B146="",0,IFERROR(COUNTIFS(Tbl案件[承辦人],B146,Tbl案件[案類分類],"暴力犯罪",Tbl案件[是否破獲],"是",Tbl案件[歸屬年度],(YEAR(今日)-1911)),0)) | H146: =MAX(0,C146-D146-E146-F146-G146) | I146: =IF(B146="",0,C146+47*0.0001)
A147: 48 | B147: =IFERROR(INDEX(員警姓名清單,48),"") | C147: =IF(B147="",0,IFERROR(COUNTIFS(Tbl案件[承辦人],B147,Tbl案件[是否破獲],"是",Tbl案件[歸屬年度],(YEAR(今日)-1911)),0)) | D147: =IF(B147="",0,IFERROR(COUNTIFS(Tbl案件[承辦人],B147,Tbl案件[案類分類],"竊盜",Tbl案件[是否破獲],"是",Tbl案件[歸屬年度],(YEAR(今日)-1911)),0)) | E147: =IF(B147="",0,IFERROR(COUNTIFS(Tbl案件[承辦人],B147,Tbl案件[案類分類],"詐欺",Tbl案件[是否破獲],"是",Tbl案件[歸屬年度],(YEAR(今日)-1911)),0)) | F147: =IF(B147="",0,IFERROR(COUNTIFS(Tbl案件[承辦人],B147,Tbl案件[案類分類],"毒品",Tbl案件[是否破獲],"是",Tbl案件[歸屬年度],(YEAR(今日)-1911)),0)) | G147: =IF(B147="",0,IFERROR(COUNTIFS(Tbl案件[承辦人],B147,Tbl案件[案類分類],"暴力犯罪",Tbl案件[是否破獲],"是",Tbl案件[歸屬年度],(YEAR(今日)-1911)),0)) | H147: =MAX(0,C147-D147-E147-F147-G147) | I147: =IF(B147="",0,C147+48*0.0001)
A148: 49 | B148: =IFERROR(INDEX(員警姓名清單,49),"") | C148: =IF(B148="",0,IFERROR(COUNTIFS(Tbl案件[承辦人],B148,Tbl案件[是否破獲],"是",Tbl案件[歸屬年度],(YEAR(今日)-1911)),0)) | D148: =IF(B148="",0,IFERROR(COUNTIFS(Tbl案件[承辦人],B148,Tbl案件[案類分類],"竊盜",Tbl案件[是否破獲],"是",Tbl案件[歸屬年度],(YEAR(今日)-1911)),0)) | E148: =IF(B148="",0,IFERROR(COUNTIFS(Tbl案件[承辦人],B148,Tbl案件[案類分類],"詐欺",Tbl案件[是否破獲],"是",Tbl案件[歸屬年度],(YEAR(今日)-1911)),0)) | F148: =IF(B148="",0,IFERROR(COUNTIFS(Tbl案件[承辦人],B148,Tbl案件[案類分類],"毒品",Tbl案件[是否破獲],"是",Tbl案件[歸屬年度],(YEAR(今日)-1911)),0)) | G148: =IF(B148="",0,IFERROR(COUNTIFS(Tbl案件[承辦人],B148,Tbl案件[案類分類],"暴力犯罪",Tbl案件[是否破獲],"是",Tbl案件[歸屬年度],(YEAR(今日)-1911)),0)) | H148: =MAX(0,C148-D148-E148-F148-G148) | I148: =IF(B148="",0,C148+49*0.0001)
A149: 50 | B149: =IFERROR(INDEX(員警姓名清單,50),"") | C149: =IF(B149="",0,IFERROR(COUNTIFS(Tbl案件[承辦人],B149,Tbl案件[是否破獲],"是",Tbl案件[歸屬年度],(YEAR(今日)-1911)),0)) | D149: =IF(B149="",0,IFERROR(COUNTIFS(Tbl案件[承辦人],B149,Tbl案件[案類分類],"竊盜",Tbl案件[是否破獲],"是",Tbl案件[歸屬年度],(YEAR(今日)-1911)),0)) | E149: =IF(B149="",0,IFERROR(COUNTIFS(Tbl案件[承辦人],B149,Tbl案件[案類分類],"詐欺",Tbl案件[是否破獲],"是",Tbl案件[歸屬年度],(YEAR(今日)-1911)),0)) | F149: =IF(B149="",0,IFERROR(COUNTIFS(Tbl案件[承辦人],B149,Tbl案件[案類分類],"毒品",Tbl案件[是否破獲],"是",Tbl案件[歸屬年度],(YEAR(今日)-1911)),0)) | G149: =IF(B149="",0,IFERROR(COUNTIFS(Tbl案件[承辦人],B149,Tbl案件[案類分類],"暴力犯罪",Tbl案件[是否破獲],"是",Tbl案件[歸屬年度],(YEAR(今日)-1911)),0)) | H149: =MAX(0,C149-D149-E149-F149-G149) | I149: =IF(B149="",0,C149+50*0.0001)
A150: 51 | B150: =IFERROR(INDEX(員警姓名清單,51),"") | C150: =IF(B150="",0,IFERROR(COUNTIFS(Tbl案件[承辦人],B150,Tbl案件[是否破獲],"是",Tbl案件[歸屬年度],(YEAR(今日)-1911)),0)) | D150: =IF(B150="",0,IFERROR(COUNTIFS(Tbl案件[承辦人],B150,Tbl案件[案類分類],"竊盜",Tbl案件[是否破獲],"是",Tbl案件[歸屬年度],(YEAR(今日)-1911)),0)) | E150: =IF(B150="",0,IFERROR(COUNTIFS(Tbl案件[承辦人],B150,Tbl案件[案類分類],"詐欺",Tbl案件[是否破獲],"是",Tbl案件[歸屬年度],(YEAR(今日)-1911)),0)) | F150: =IF(B150="",0,IFERROR(COUNTIFS(Tbl案件[承辦人],B150,Tbl案件[案類分類],"毒品",Tbl案件[是否破獲],"是",Tbl案件[歸屬年度],(YEAR(今日)-1911)),0)) | G150: =IF(B150="",0,IFERROR(COUNTIFS(Tbl案件[承辦人],B150,Tbl案件[案類分類],"暴力犯罪",Tbl案件[是否破獲],"是",Tbl案件[歸屬年度],(YEAR(今日)-1911)),0)) | H150: =MAX(0,C150-D150-E150-F150-G150) | I150: =IF(B150="",0,C150+51*0.0001)
A151: 52 | B151: =IFERROR(INDEX(員警姓名清單,52),"") | C151: =IF(B151="",0,IFERROR(COUNTIFS(Tbl案件[承辦人],B151,Tbl案件[是否破獲],"是",Tbl案件[歸屬年度],(YEAR(今日)-1911)),0)) | D151: =IF(B151="",0,IFERROR(COUNTIFS(Tbl案件[承辦人],B151,Tbl案件[案類分類],"竊盜",Tbl案件[是否破獲],"是",Tbl案件[歸屬年度],(YEAR(今日)-1911)),0)) | E151: =IF(B151="",0,IFERROR(COUNTIFS(Tbl案件[承辦人],B151,Tbl案件[案類分類],"詐欺",Tbl案件[是否破獲],"是",Tbl案件[歸屬年度],(YEAR(今日)-1911)),0)) | F151: =IF(B151="",0,IFERROR(COUNTIFS(Tbl案件[承辦人],B151,Tbl案件[案類分類],"毒品",Tbl案件[是否破獲],"是",Tbl案件[歸屬年度],(YEAR(今日)-1911)),0)) | G151: =IF(B151="",0,IFERROR(COUNTIFS(Tbl案件[承辦人],B151,Tbl案件[案類分類],"暴力犯罪",Tbl案件[是否破獲],"是",Tbl案件[歸屬年度],(YEAR(今日)-1911)),0)) | H151: =MAX(0,C151-D151-E151-F151-G151) | I151: =IF(B151="",0,C151+52*0.0001)
A152: 53 | B152: =IFERROR(INDEX(員警姓名清單,53),"") | C152: =IF(B152="",0,IFERROR(COUNTIFS(Tbl案件[承辦人],B152,Tbl案件[是否破獲],"是",Tbl案件[歸屬年度],(YEAR(今日)-1911)),0)) | D152: =IF(B152="",0,IFERROR(COUNTIFS(Tbl案件[承辦人],B152,Tbl案件[案類分類],"竊盜",Tbl案件[是否破獲],"是",Tbl案件[歸屬年度],(YEAR(今日)-1911)),0)) | E152: =IF(B152="",0,IFERROR(COUNTIFS(Tbl案件[承辦人],B152,Tbl案件[案類分類],"詐欺",Tbl案件[是否破獲],"是",Tbl案件[歸屬年度],(YEAR(今日)-1911)),0)) | F152: =IF(B152="",0,IFERROR(COUNTIFS(Tbl案件[承辦人],B152,Tbl案件[案類分類],"毒品",Tbl案件[是否破獲],"是",Tbl案件[歸屬年度],(YEAR(今日)-1911)),0)) | G152: =IF(B152="",0,IFERROR(COUNTIFS(Tbl案件[承辦人],B152,Tbl案件[案類分類],"暴力犯罪",Tbl案件[是否破獲],"是",Tbl案件[歸屬年度],(YEAR(今日)-1911)),0)) | H152: =MAX(0,C152-D152-E152-F152-G152) | I152: =IF(B152="",0,C152+53*0.0001)
A153: 54 | B153: =IFERROR(INDEX(員警姓名清單,54),"") | C153: =IF(B153="",0,IFERROR(COUNTIFS(Tbl案件[承辦人],B153,Tbl案件[是否破獲],"是",Tbl案件[歸屬年度],(YEAR(今日)-1911)),0)) | D153: =IF(B153="",0,IFERROR(COUNTIFS(Tbl案件[承辦人],B153,Tbl案件[案類分類],"竊盜",Tbl案件[是否破獲],"是",Tbl案件[歸屬年度],(YEAR(今日)-1911)),0)) | E153: =IF(B153="",0,IFERROR(COUNTIFS(Tbl案件[承辦人],B153,Tbl案件[案類分類],"詐欺",Tbl案件[是否破獲],"是",Tbl案件[歸屬年度],(YEAR(今日)-1911)),0)) | F153: =IF(B153="",0,IFERROR(COUNTIFS(Tbl案件[承辦人],B153,Tbl案件[案類分類],"毒品",Tbl案件[是否破獲],"是",Tbl案件[歸屬年度],(YEAR(今日)-1911)),0)) | G153: =IF(B153="",0,IFERROR(COUNTIFS(Tbl案件[承辦人],B153,Tbl案件[案類分類],"暴力犯罪",Tbl案件[是否破獲],"是",Tbl案件[歸屬年度],(YEAR(今日)-1911)),0)) | H153: =MAX(0,C153-D153-E153-F153-G153) | I153: =IF(B153="",0,C153+54*0.0001)
A154: 55 | B154: =IFERROR(INDEX(員警姓名清單,55),"") | C154: =IF(B154="",0,IFERROR(COUNTIFS(Tbl案件[承辦人],B154,Tbl案件[是否破獲],"是",Tbl案件[歸屬年度],(YEAR(今日)-1911)),0)) | D154: =IF(B154="",0,IFERROR(COUNTIFS(Tbl案件[承辦人],B154,Tbl案件[案類分類],"竊盜",Tbl案件[是否破獲],"是",Tbl案件[歸屬年度],(YEAR(今日)-1911)),0)) | E154: =IF(B154="",0,IFERROR(COUNTIFS(Tbl案件[承辦人],B154,Tbl案件[案類分類],"詐欺",Tbl案件[是否破獲],"是",Tbl案件[歸屬年度],(YEAR(今日)-1911)),0)) | F154: =IF(B154="",0,IFERROR(COUNTIFS(Tbl案件[承辦人],B154,Tbl案件[案類分類],"毒品",Tbl案件[是否破獲],"是",Tbl案件[歸屬年度],(YEAR(今日)-1911)),0)) | G154: =IF(B154="",0,IFERROR(COUNTIFS(Tbl案件[承辦人],B154,Tbl案件[案類分類],"暴力犯罪",Tbl案件[是否破獲],"是",Tbl案件[歸屬年度],(YEAR(今日)-1911)),0)) | H154: =MAX(0,C154-D154-E154-F154-G154) | I154: =IF(B154="",0,C154+55*0.0001)
A155: 56 | B155: =IFERROR(INDEX(員警姓名清單,56),"") | C155: =IF(B155="",0,IFERROR(COUNTIFS(Tbl案件[承辦人],B155,Tbl案件[是否破獲],"是",Tbl案件[歸屬年度],(YEAR(今日)-1911)),0)) | D155: =IF(B155="",0,IFERROR(COUNTIFS(Tbl案件[承辦人],B155,Tbl案件[案類分類],"竊盜",Tbl案件[是否破獲],"是",Tbl案件[歸屬年度],(YEAR(今日)-1911)),0)) | E155: =IF(B155="",0,IFERROR(COUNTIFS(Tbl案件[承辦人],B155,Tbl案件[案類分類],"詐欺",Tbl案件[是否破獲],"是",Tbl案件[歸屬年度],(YEAR(今日)-1911)),0)) | F155: =IF(B155="",0,IFERROR(COUNTIFS(Tbl案件[承辦人],B155,Tbl案件[案類分類],"毒品",Tbl案件[是否破獲],"是",Tbl案件[歸屬年度],(YEAR(今日)-1911)),0)) | G155: =IF(B155="",0,IFERROR(COUNTIFS(Tbl案件[承辦人],B155,Tbl案件[案類分類],"暴力犯罪",Tbl案件[是否破獲],"是",Tbl案件[歸屬年度],(YEAR(今日)-1911)),0)) | H155: =MAX(0,C155-D155-E155-F155-G155) | I155: =IF(B155="",0,C155+56*0.0001)
A156: 57 | B156: =IFERROR(INDEX(員警姓名清單,57),"") | C156: =IF(B156="",0,IFERROR(COUNTIFS(Tbl案件[承辦人],B156,Tbl案件[是否破獲],"是",Tbl案件[歸屬年度],(YEAR(今日)-1911)),0)) | D156: =IF(B156="",0,IFERROR(COUNTIFS(Tbl案件[承辦人],B156,Tbl案件[案類分類],"竊盜",Tbl案件[是否破獲],"是",Tbl案件[歸屬年度],(YEAR(今日)-1911)),0)) | E156: =IF(B156="",0,IFERROR(COUNTIFS(Tbl案件[承辦人],B156,Tbl案件[案類分類],"詐欺",Tbl案件[是否破獲],"是",Tbl案件[歸屬年度],(YEAR(今日)-1911)),0)) | F156: =IF(B156="",0,IFERROR(COUNTIFS(Tbl案件[承辦人],B156,Tbl案件[案類分類],"毒品",Tbl案件[是否破獲],"是",Tbl案件[歸屬年度],(YEAR(今日)-1911)),0)) | G156: =IF(B156="",0,IFERROR(COUNTIFS(Tbl案件[承辦人],B156,Tbl案件[案類分類],"暴力犯罪",Tbl案件[是否破獲],"是",Tbl案件[歸屬年度],(YEAR(今日)-1911)),0)) | H156: =MAX(0,C156-D156-E156-F156-G156) | I156: =IF(B156="",0,C156+57*0.0001)
A157: 58 | B157: =IFERROR(INDEX(員警姓名清單,58),"") | C157: =IF(B157="",0,IFERROR(COUNTIFS(Tbl案件[承辦人],B157,Tbl案件[是否破獲],"是",Tbl案件[歸屬年度],(YEAR(今日)-1911)),0)) | D157: =IF(B157="",0,IFERROR(COUNTIFS(Tbl案件[承辦人],B157,Tbl案件[案類分類],"竊盜",Tbl案件[是否破獲],"是",Tbl案件[歸屬年度],(YEAR(今日)-1911)),0)) | E157: =IF(B157="",0,IFERROR(COUNTIFS(Tbl案件[承辦人],B157,Tbl案件[案類分類],"詐欺",Tbl案件[是否破獲],"是",Tbl案件[歸屬年度],(YEAR(今日)-1911)),0)) | F157: =IF(B157="",0,IFERROR(COUNTIFS(Tbl案件[承辦人],B157,Tbl案件[案類分類],"毒品",Tbl案件[是否破獲],"是",Tbl案件[歸屬年度],(YEAR(今日)-1911)),0)) | G157: =IF(B157="",0,IFERROR(COUNTIFS(Tbl案件[承辦人],B157,Tbl案件[案類分類],"暴力犯罪",Tbl案件[是否破獲],"是",Tbl案件[歸屬年度],(YEAR(今日)-1911)),0)) | H157: =MAX(0,C157-D157-E157-F157-G157) | I157: =IF(B157="",0,C157+58*0.0001)
A158: 59 | B158: =IFERROR(INDEX(員警姓名清單,59),"") | C158: =IF(B158="",0,IFERROR(COUNTIFS(Tbl案件[承辦人],B158,Tbl案件[是否破獲],"是",Tbl案件[歸屬年度],(YEAR(今日)-1911)),0)) | D158: =IF(B158="",0,IFERROR(COUNTIFS(Tbl案件[承辦人],B158,Tbl案件[案類分類],"竊盜",Tbl案件[是否破獲],"是",Tbl案件[歸屬年度],(YEAR(今日)-1911)),0)) | E158: =IF(B158="",0,IFERROR(COUNTIFS(Tbl案件[承辦人],B158,Tbl案件[案類分類],"詐欺",Tbl案件[是否破獲],"是",Tbl案件[歸屬年度],(YEAR(今日)-1911)),0)) | F158: =IF(B158="",0,IFERROR(COUNTIFS(Tbl案件[承辦人],B158,Tbl案件[案類分類],"毒品",Tbl案件[是否破獲],"是",Tbl案件[歸屬年度],(YEAR(今日)-1911)),0)) | G158: =IF(B158="",0,IFERROR(COUNTIFS(Tbl案件[承辦人],B158,Tbl案件[案類分類],"暴力犯罪",Tbl案件[是否破獲],"是",Tbl案件[歸屬年度],(YEAR(今日)-1911)),0)) | H158: =MAX(0,C158-D158-E158-F158-G158) | I158: =IF(B158="",0,C158+59*0.0001)
A159: 60 | B159: =IFERROR(INDEX(員警姓名清單,60),"") | C159: =IF(B159="",0,IFERROR(COUNTIFS(Tbl案件[承辦人],B159,Tbl案件[是否破獲],"是",Tbl案件[歸屬年度],(YEAR(今日)-1911)),0)) | D159: =IF(B159="",0,IFERROR(COUNTIFS(Tbl案件[承辦人],B159,Tbl案件[案類分類],"竊盜",Tbl案件[是否破獲],"是",Tbl案件[歸屬年度],(YEAR(今日)-1911)),0)) | E159: =IF(B159="",0,IFERROR(COUNTIFS(Tbl案件[承辦人],B159,Tbl案件[案類分類],"詐欺",Tbl案件[是否破獲],"是",Tbl案件[歸屬年度],(YEAR(今日)-1911)),0)) | F159: =IF(B159="",0,IFERROR(COUNTIFS(Tbl案件[承辦人],B159,Tbl案件[案類分類],"毒品",Tbl案件[是否破獲],"是",Tbl案件[歸屬年度],(YEAR(今日)-1911)),0)) | G159: =IF(B159="",0,IFERROR(COUNTIFS(Tbl案件[承辦人],B159,Tbl案件[案類分類],"暴力犯罪",Tbl案件[是否破獲],"是",Tbl案件[歸屬年度],(YEAR(今日)-1911)),0)) | H159: =MAX(0,C159-D159-E159-F159-G159) | I159: =IF(B159="",0,C159+60*0.0001)

Sheet 員警個人績效卡
A1: 👮 員警個人績效卡（A 麥肯錫風 — A4 直式可獨立列印）
A2: =" "&警察局名稱&" · "&分局名稱&" · "&派出所名稱&" ｜ 中華民國 "&(YEAR(今日)-1911)&" 年度績效卡 ｜ 製表："&TEXT(今日,"e/mm/dd")
A3: 選擇員警： | B3: 王小明 | C3: ="職稱：" & IFERROR(INDEX(設定表!$C$13:$C$72,MATCH(B3,員警姓名清單,0)),"—") | E3: ="在職：" & IFERROR(INDEX(設定表!$D$13:$D$72,MATCH(B3,員警姓名清單,0)),"—") | G3: ="📌 完整名冊請至設定表 B 區"
A5: 🏆 總破獲 | C5: 📊 全所排名 | E5: 📈 全所佔比 | G5: 🆕 本月新增
A6: =IFERROR(COUNTIFS(Tbl案件[承辦人],B3,Tbl案件[是否破獲],"是",Tbl案件[歸屬年度],(YEAR(今日)-1911)),0) | C6: =IFERROR(SUMPRODUCT(--(績效統計!$C$100:$C$159>IFERROR(COUNTIFS(Tbl案件[承辦人],B3,Tbl案件[是否破獲],"是",Tbl案件[歸屬年度],(YEAR(今日)-1911)),0))*(績效統計!$B$100:$B$159<>""))+1,"—") | E6: =IFERROR(COUNTIFS(Tbl案件[承辦人],B3,Tbl案件[是否破獲],"是",Tbl案件[歸屬年度],(YEAR(今日)-1911))/COUNTIFS(Tbl案件[查獲管轄],"本轄",Tbl案件[是否破獲],"是",Tbl案件[歸屬年度],(YEAR(今日)-1911)),0) | G6: =IFERROR(COUNTIFS(Tbl案件[承辦人],B3,Tbl案件[是否破獲],"是",Tbl案件[破獲時間],">="&DATE(YEAR(今日),MONTH(今日),1),Tbl案件[破獲時間],"<"&DATE(YEAR(今日),MONTH(今日)+1,1)),0)
A7: 本年度累計 | C7: 全員警比較 | E7: 個人 / 全所破獲 | G7: 本月破獲
A8: 📈 個人 vs 全所平均比較表（按案類）
A9: 案類 | B9: 個人破獲 | C9: 全所平均 | D9: 差距 | E9: 評級 | F9: — | G9: — | H9: —
A10: 總破獲 | B10: =IFERROR(COUNTIFS(Tbl案件[承辦人],B3,Tbl案件[是否破獲],"是",Tbl案件[歸屬年度],(YEAR(今日)-1911)),0) | C10: =IFERROR(COUNTIFS(Tbl案件[查獲管轄],"本轄",Tbl案件[是否破獲],"是",Tbl案件[歸屬年度],(YEAR(今日)-1911))/COUNTIF(設定表!$D$13:$D$72,"是"),0) | D10: =IFERROR(B10-C10,0) | E10: =IFERROR(IF(B10>=C10*1.5,"★ 優異",IF(B10>=C10,"● 達標",IF(B10>=C10*0.5,"⚠ 待加強","● 落後"))),"—")
A11: 竊盜 | B11: =IFERROR(COUNTIFS(Tbl案件[承辦人],B3,Tbl案件[案類分類],"竊盜",Tbl案件[是否破獲],"是",Tbl案件[歸屬年度],(YEAR(今日)-1911)),0) | C11: =IFERROR(COUNTIFS(Tbl案件[案類分類],"竊盜",Tbl案件[查獲管轄],"本轄",Tbl案件[是否破獲],"是",Tbl案件[歸屬年度],(YEAR(今日)-1911))/COUNTIF(設定表!$D$13:$D$72,"是"),0) | D11: =IFERROR(B11-C11,0) | E11: =IFERROR(IF(B11>=C11*1.5,"★ 優異",IF(B11>=C11,"● 達標",IF(B11>=C11*0.5,"⚠ 待加強","● 落後"))),"—")
A12: 詐欺 | B12: =IFERROR(COUNTIFS(Tbl案件[承辦人],B3,Tbl案件[案類分類],"詐欺",Tbl案件[是否破獲],"是",Tbl案件[歸屬年度],(YEAR(今日)-1911)),0) | C12: =IFERROR(COUNTIFS(Tbl案件[案類分類],"詐欺",Tbl案件[查獲管轄],"本轄",Tbl案件[是否破獲],"是",Tbl案件[歸屬年度],(YEAR(今日)-1911))/COUNTIF(設定表!$D$13:$D$72,"是"),0) | D12: =IFERROR(B12-C12,0) | E12: =IFERROR(IF(B12>=C12*1.5,"★ 優異",IF(B12>=C12,"● 達標",IF(B12>=C12*0.5,"⚠ 待加強","● 落後"))),"—")
A13: 毒品 | B13: =IFERROR(COUNTIFS(Tbl案件[承辦人],B3,Tbl案件[案類分類],"毒品",Tbl案件[是否破獲],"是",Tbl案件[歸屬年度],(YEAR(今日)-1911)),0) | C13: =IFERROR(COUNTIFS(Tbl案件[案類分類],"毒品",Tbl案件[查獲管轄],"本轄",Tbl案件[是否破獲],"是",Tbl案件[歸屬年度],(YEAR(今日)-1911))/COUNTIF(設定表!$D$13:$D$72,"是"),0) | D13: =IFERROR(B13-C13,0) | E13: =IFERROR(IF(B13>=C13*1.5,"★ 優異",IF(B13>=C13,"● 達標",IF(B13>=C13*0.5,"⚠ 待加強","● 落後"))),"—")
A14: 暴力犯罪 | B14: =IFERROR(COUNTIFS(Tbl案件[承辦人],B3,Tbl案件[案類分類],"暴力犯罪",Tbl案件[是否破獲],"是",Tbl案件[歸屬年度],(YEAR(今日)-1911)),0) | C14: =IFERROR(COUNTIFS(Tbl案件[案類分類],"暴力犯罪",Tbl案件[查獲管轄],"本轄",Tbl案件[是否破獲],"是",Tbl案件[歸屬年度],(YEAR(今日)-1911))/COUNTIF(設定表!$D$13:$D$72,"是"),0) | D14: =IFERROR(B14-C14,0) | E14: =IFERROR(IF(B14>=C14*1.5,"★ 優異",IF(B14>=C14,"● 達標",IF(B14>=C14*0.5,"⚠ 待加強","● 落後"))),"—")
A16: 📋 本年度辦案清單（只列已破獲案件，依破獲日期序）
A17: 序 | B17: 案類 | C17: 發生日 | D17: 發生地 | E17: 破獲日 | F17: 案件狀況 | G17: 涉案金額 | H17: 備註
A18: =IFERROR(IF(AGGREGATE(15,6,ROW(Tbl案件[編號])/((Tbl案件[承辦人]=B3)*(Tbl案件[是否破獲]="是")*(Tbl案件[歸屬年度]=(YEAR(今日)-1911))),1)>0,1,""),"") | B18: =IFERROR(INDEX(Tbl案件[案類],AGGREGATE(15,6,ROW(Tbl案件[編號])/((Tbl案件[承辦人]=B3)*(Tbl案件[是否破獲]="是")*(Tbl案件[歸屬年度]=(YEAR(今日)-1911))),1)-14),"") | C18: =IFERROR(INDEX(Tbl案件[發生時間],AGGREGATE(15,6,ROW(Tbl案件[編號])/((Tbl案件[承辦人]=B3)*(Tbl案件[是否破獲]="是")*(Tbl案件[歸屬年度]=(YEAR(今日)-1911))),1)-14),"") | D18: =IFERROR(INDEX(Tbl案件[發生地點],AGGREGATE(15,6,ROW(Tbl案件[編號])/((Tbl案件[承辦人]=B3)*(Tbl案件[是否破獲]="是")*(Tbl案件[歸屬年度]=(YEAR(今日)-1911))),1)-14),"") | E18: =IFERROR(INDEX(Tbl案件[破獲時間],AGGREGATE(15,6,ROW(Tbl案件[編號])/((Tbl案件[承辦人]=B3)*(Tbl案件[是否破獲]="是")*(Tbl案件[歸屬年度]=(YEAR(今日)-1911))),1)-14),"") | F18: =IFERROR(INDEX(Tbl案件[案件狀況],AGGREGATE(15,6,ROW(Tbl案件[編號])/((Tbl案件[承辦人]=B3)*(Tbl案件[是否破獲]="是")*(Tbl案件[歸屬年度]=(YEAR(今日)-1911))),1)-14),"") | G18: =IFERROR(INDEX(Tbl案件[涉案金額],AGGREGATE(15,6,ROW(Tbl案件[編號])/((Tbl案件[承辦人]=B3)*(Tbl案件[是否破獲]="是")*(Tbl案件[歸屬年度]=(YEAR(今日)-1911))),1)-14),"") | H18: =IFERROR(INDEX(Tbl案件[備註],AGGREGATE(15,6,ROW(Tbl案件[編號])/((Tbl案件[承辦人]=B3)*(Tbl案件[是否破獲]="是")*(Tbl案件[歸屬年度]=(YEAR(今日)-1911))),1)-14),"")
A19: =IFERROR(IF(AGGREGATE(15,6,ROW(Tbl案件[編號])/((Tbl案件[承辦人]=B3)*(Tbl案件[是否破獲]="是")*(Tbl案件[歸屬年度]=(YEAR(今日)-1911))),2)>0,2,""),"") | B19: =IFERROR(INDEX(Tbl案件[案類],AGGREGATE(15,6,ROW(Tbl案件[編號])/((Tbl案件[承辦人]=B3)*(Tbl案件[是否破獲]="是")*(Tbl案件[歸屬年度]=(YEAR(今日)-1911))),2)-14),"") | C19: =IFERROR(INDEX(Tbl案件[發生時間],AGGREGATE(15,6,ROW(Tbl案件[編號])/((Tbl案件[承辦人]=B3)*(Tbl案件[是否破獲]="是")*(Tbl案件[歸屬年度]=(YEAR(今日)-1911))),2)-14),"") | D19: =IFERROR(INDEX(Tbl案件[發生地點],AGGREGATE(15,6,ROW(Tbl案件[編號])/((Tbl案件[承辦人]=B3)*(Tbl案件[是否破獲]="是")*(Tbl案件[歸屬年度]=(YEAR(今日)-1911))),2)-14),"") | E19: =IFERROR(INDEX(Tbl案件[破獲時間],AGGREGATE(15,6,ROW(Tbl案件[編號])/((Tbl案件[承辦人]=B3)*(Tbl案件[是否破獲]="是")*(Tbl案件[歸屬年度]=(YEAR(今日)-1911))),2)-14),"") | F19: =IFERROR(INDEX(Tbl案件[案件狀況],AGGREGATE(15,6,ROW(Tbl案件[編號])/((Tbl案件[承辦人]=B3)*(Tbl案件[是否破獲]="是")*(Tbl案件[歸屬年度]=(YEAR(今日)-1911))),2)-14),"") | G19: =IFERROR(INDEX(Tbl案件[涉案金額],AGGREGATE(15,6,ROW(Tbl案件[編號])/((Tbl案件[承辦人]=B3)*(Tbl案件[是否破獲]="是")*(Tbl案件[歸屬年度]=(YEAR(今日)-1911))),2)-14),"") | H19: =IFERROR(INDEX(Tbl案件[備註],AGGREGATE(15,6,ROW(Tbl案件[編號])/((Tbl案件[承辦人]=B3)*(Tbl案件[是否破獲]="是")*(Tbl案件[歸屬年度]=(YEAR(今日)-1911))),2)-14),"")
A20: =IFERROR(IF(AGGREGATE(15,6,ROW(Tbl案件[編號])/((Tbl案件[承辦人]=B3)*(Tbl案件[是否破獲]="是")*(Tbl案件[歸屬年度]=(YEAR(今日)-1911))),3)>0,3,""),"") | B20: =IFERROR(INDEX(Tbl案件[案類],AGGREGATE(15,6,ROW(Tbl案件[編號])/((Tbl案件[承辦人]=B3)*(Tbl案件[是否破獲]="是")*(Tbl案件[歸屬年度]=(YEAR(今日)-1911))),3)-14),"") | C20: =IFERROR(INDEX(Tbl案件[發生時間],AGGREGATE(15,6,ROW(Tbl案件[編號])/((Tbl案件[承辦人]=B3)*(Tbl案件[是否破獲]="是")*(Tbl案件[歸屬年度]=(YEAR(今日)-1911))),3)-14),"") | D20: =IFERROR(INDEX(Tbl案件[發生地點],AGGREGATE(15,6,ROW(Tbl案件[編號])/((Tbl案件[承辦人]=B3)*(Tbl案件[是否破獲]="是")*(Tbl案件[歸屬年度]=(YEAR(今日)-1911))),3)-14),"") | E20: =IFERROR(INDEX(Tbl案件[破獲時間],AGGREGATE(15,6,ROW(Tbl案件[編號])/((Tbl案件[承辦人]=B3)*(Tbl案件[是否破獲]="是")*(Tbl案件[歸屬年度]=(YEAR(今日)-1911))),3)-14),"") | F20: =IFERROR(INDEX(Tbl案件[案件狀況],AGGREGATE(15,6,ROW(Tbl案件[編號])/((Tbl案件[承辦人]=B3)*(Tbl案件[是否破獲]="是")*(Tbl案件[歸屬年度]=(YEAR(今日)-1911))),3)-14),"") | G20: =IFERROR(INDEX(Tbl案件[涉案金額],AGGREGATE(15,6,ROW(Tbl案件[編號])/((Tbl案件[承辦人]=B3)*(Tbl案件[是否破獲]="是")*(Tbl案件[歸屬年度]=(YEAR(今日)-1911))),3)-14),"") | H20: =IFERROR(INDEX(Tbl案件[備註],AGGREGATE(15,6,ROW(Tbl案件[編號])/((Tbl案件[承辦人]=B3)*(Tbl案件[是否破獲]="是")*(Tbl案件[歸屬年度]=(YEAR(今日)-1911))),3)-14),"")
A21: =IFERROR(IF(AGGREGATE(15,6,ROW(Tbl案件[編號])/((Tbl案件[承辦人]=B3)*(Tbl案件[是否破獲]="是")*(Tbl案件[歸屬年度]=(YEAR(今日)-1911))),4)>0,4,""),"") | B21: =IFERROR(INDEX(Tbl案件[案類],AGGREGATE(15,6,ROW(Tbl案件[編號])/((Tbl案件[承辦人]=B3)*(Tbl案件[是否破獲]="是")*(Tbl案件[歸屬年度]=(YEAR(今日)-1911))),4)-14),"") | C21: =IFERROR(INDEX(Tbl案件[發生時間],AGGREGATE(15,6,ROW(Tbl案件[編號])/((Tbl案件[承辦人]=B3)*(Tbl案件[是否破獲]="是")*(Tbl案件[歸屬年度]=(YEAR(今日)-1911))),4)-14),"") | D21: =IFERROR(INDEX(Tbl案件[發生地點],AGGREGATE(15,6,ROW(Tbl案件[編號])/((Tbl案件[承辦人]=B3)*(Tbl案件[是否破獲]="是")*(Tbl案件[歸屬年度]=(YEAR(今日)-1911))),4)-14),"") | E21: =IFERROR(INDEX(Tbl案件[破獲時間],AGGREGATE(15,6,ROW(Tbl案件[編號])/((Tbl案件[承辦人]=B3)*(Tbl案件[是否破獲]="是")*(Tbl案件[歸屬年度]=(YEAR(今日)-1911))),4)-14),"") | F21: =IFERROR(INDEX(Tbl案件[案件狀況],AGGREGATE(15,6,ROW(Tbl案件[編號])/((Tbl案件[承辦人]=B3)*(Tbl案件[是否破獲]="是")*(Tbl案件[歸屬年度]=(YEAR(今日)-1911))),4)-14),"") | G21: =IFERROR(INDEX(Tbl案件[涉案金額],AGGREGATE(15,6,ROW(Tbl案件[編號])/((Tbl案件[承辦人]=B3)*(Tbl案件[是否破獲]="是")*(Tbl案件[歸屬年度]=(YEAR(今日)-1911))),4)-14),"") | H21: =IFERROR(INDEX(Tbl案件[備註],AGGREGATE(15,6,ROW(Tbl案件[編號])/((Tbl案件[承辦人]=B3)*(Tbl案件[是否破獲]="是")*(Tbl案件[歸屬年度]=(YEAR(今日)-1911))),4)-14),"")
A22: =IFERROR(IF(AGGREGATE(15,6,ROW(Tbl案件[編號])/((Tbl案件[承辦人]=B3)*(Tbl案件[是否破獲]="是")*(Tbl案件[歸屬年度]=(YEAR(今日)-1911))),5)>0,5,""),"") | B22: =IFERROR(INDEX(Tbl案件[案類],AGGREGATE(15,6,ROW(Tbl案件[編號])/((Tbl案件[承辦人]=B3)*(Tbl案件[是否破獲]="是")*(Tbl案件[歸屬年度]=(YEAR(今日)-1911))),5)-14),"") | C22: =IFERROR(INDEX(Tbl案件[發生時間],AGGREGATE(15,6,ROW(Tbl案件[編號])/((Tbl案件[承辦人]=B3)*(Tbl案件[是否破獲]="是")*(Tbl案件[歸屬年度]=(YEAR(今日)-1911))),5)-14),"") | D22: =IFERROR(INDEX(Tbl案件[發生地點],AGGREGATE(15,6,ROW(Tbl案件[編號])/((Tbl案件[承辦人]=B3)*(Tbl案件[是否破獲]="是")*(Tbl案件[歸屬年度]=(YEAR(今日)-1911))),5)-14),"") | E22: =IFERROR(INDEX(Tbl案件[破獲時間],AGGREGATE(15,6,ROW(Tbl案件[編號])/((Tbl案件[承辦人]=B3)*(Tbl案件[是否破獲]="是")*(Tbl案件[歸屬年度]=(YEAR(今日)-1911))),5)-14),"") | F22: =IFERROR(INDEX(Tbl案件[案件狀況],AGGREGATE(15,6,ROW(Tbl案件[編號])/((Tbl案件[承辦人]=B3)*(Tbl案件[是否破獲]="是")*(Tbl案件[歸屬年度]=(YEAR(今日)-1911))),5)-14),"") | G22: =IFERROR(INDEX(Tbl案件[涉案金額],AGGREGATE(15,6,ROW(Tbl案件[編號])/((Tbl案件[承辦人]=B3)*(Tbl案件[是否破獲]="是")*(Tbl案件[歸屬年度]=(YEAR(今日)-1911))),5)-14),"") | H22: =IFERROR(INDEX(Tbl案件[備註],AGGREGATE(15,6,ROW(Tbl案件[編號])/((Tbl案件[承辦人]=B3)*(Tbl案件[是否破獲]="是")*(Tbl案件[歸屬年度]=(YEAR(今日)-1911))),5)-14),"")
A23: =IFERROR(IF(AGGREGATE(15,6,ROW(Tbl案件[編號])/((Tbl案件[承辦人]=B3)*(Tbl案件[是否破獲]="是")*(Tbl案件[歸屬年度]=(YEAR(今日)-1911))),6)>0,6,""),"") | B23: =IFERROR(INDEX(Tbl案件[案類],AGGREGATE(15,6,ROW(Tbl案件[編號])/((Tbl案件[承辦人]=B3)*(Tbl案件[是否破獲]="是")*(Tbl案件[歸屬年度]=(YEAR(今日)-1911))),6)-14),"") | C23: =IFERROR(INDEX(Tbl案件[發生時間],AGGREGATE(15,6,ROW(Tbl案件[編號])/((Tbl案件[承辦人]=B3)*(Tbl案件[是否破獲]="是")*(Tbl案件[歸屬年度]=(YEAR(今日)-1911))),6)-14),"") | D23: =IFERROR(INDEX(Tbl案件[發生地點],AGGREGATE(15,6,ROW(Tbl案件[編號])/((Tbl案件[承辦人]=B3)*(Tbl案件[是否破獲]="是")*(Tbl案件[歸屬年度]=(YEAR(今日)-1911))),6)-14),"") | E23: =IFERROR(INDEX(Tbl案件[破獲時間],AGGREGATE(15,6,ROW(Tbl案件[編號])/((Tbl案件[承辦人]=B3)*(Tbl案件[是否破獲]="是")*(Tbl案件[歸屬年度]=(YEAR(今日)-1911))),6)-14),"") | F23: =IFERROR(INDEX(Tbl案件[案件狀況],AGGREGATE(15,6,ROW(Tbl案件[編號])/((Tbl案件[承辦人]=B3)*(Tbl案件[是否破獲]="是")*(Tbl案件[歸屬年度]=(YEAR(今日)-1911))),6)-14),"") | G23: =IFERROR(INDEX(Tbl案件[涉案金額],AGGREGATE(15,6,ROW(Tbl案件[編號])/((Tbl案件[承辦人]=B3)*(Tbl案件[是否破獲]="是")*(Tbl案件[歸屬年度]=(YEAR(今日)-1911))),6)-14),"") | H23: =IFERROR(INDEX(Tbl案件[備註],AGGREGATE(15,6,ROW(Tbl案件[編號])/((Tbl案件[承辦人]=B3)*(Tbl案件[是否破獲]="是")*(Tbl案件[歸屬年度]=(YEAR(今日)-1911))),6)-14),"")
A24: =IFERROR(IF(AGGREGATE(15,6,ROW(Tbl案件[編號])/((Tbl案件[承辦人]=B3)*(Tbl案件[是否破獲]="是")*(Tbl案件[歸屬年度]=(YEAR(今日)-1911))),7)>0,7,""),"") | B24: =IFERROR(INDEX(Tbl案件[案類],AGGREGATE(15,6,ROW(Tbl案件[編號])/((Tbl案件[承辦人]=B3)*(Tbl案件[是否破獲]="是")*(Tbl案件[歸屬年度]=(YEAR(今日)-1911))),7)-14),"") | C24: =IFERROR(INDEX(Tbl案件[發生時間],AGGREGATE(15,6,ROW(Tbl案件[編號])/((Tbl案件[承辦人]=B3)*(Tbl案件[是否破獲]="是")*(Tbl案件[歸屬年度]=(YEAR(今日)-1911))),7)-14),"") | D24: =IFERROR(INDEX(Tbl案件[發生地點],AGGREGATE(15,6,ROW(Tbl案件[編號])/((Tbl案件[承辦人]=B3)*(Tbl案件[是否破獲]="是")*(Tbl案件[歸屬年度]=(YEAR(今日)-1911))),7)-14),"") | E24: =IFERROR(INDEX(Tbl案件[破獲時間],AGGREGATE(15,6,ROW(Tbl案件[編號])/((Tbl案件[承辦人]=B3)*(Tbl案件[是否破獲]="是")*(Tbl案件[歸屬年度]=(YEAR(今日)-1911))),7)-14),"") | F24: =IFERROR(INDEX(Tbl案件[案件狀況],AGGREGATE(15,6,ROW(Tbl案件[編號])/((Tbl案件[承辦人]=B3)*(Tbl案件[是否破獲]="是")*(Tbl案件[歸屬年度]=(YEAR(今日)-1911))),7)-14),"") | G24: =IFERROR(INDEX(Tbl案件[涉案金額],AGGREGATE(15,6,ROW(Tbl案件[編號])/((Tbl案件[承辦人]=B3)*(Tbl案件[是否破獲]="是")*(Tbl案件[歸屬年度]=(YEAR(今日)-1911))),7)-14),"") | H24: =IFERROR(INDEX(Tbl案件[備註],AGGREGATE(15,6,ROW(Tbl案件[編號])/((Tbl案件[承辦人]=B3)*(Tbl案件[是否破獲]="是")*(Tbl案件[歸屬年度]=(YEAR(今日)-1911))),7)-14),"")
A25: =IFERROR(IF(AGGREGATE(15,6,ROW(Tbl案件[編號])/((Tbl案件[承辦人]=B3)*(Tbl案件[是否破獲]="是")*(Tbl案件[歸屬年度]=(YEAR(今日)-1911))),8)>0,8,""),"") | B25: =IFERROR(INDEX(Tbl案件[案類],AGGREGATE(15,6,ROW(Tbl案件[編號])/((Tbl案件[承辦人]=B3)*(Tbl案件[是否破獲]="是")*(Tbl案件[歸屬年度]=(YEAR(今日)-1911))),8)-14),"") | C25: =IFERROR(INDEX(Tbl案件[發生時間],AGGREGATE(15,6,ROW(Tbl案件[編號])/((Tbl案件[承辦人]=B3)*(Tbl案件[是否破獲]="是")*(Tbl案件[歸屬年度]=(YEAR(今日)-1911))),8)-14),"") | D25: =IFERROR(INDEX(Tbl案件[發生地點],AGGREGATE(15,6,ROW(Tbl案件[編號])/((Tbl案件[承辦人]=B3)*(Tbl案件[是否破獲]="是")*(Tbl案件[歸屬年度]=(YEAR(今日)-1911))),8)-14),"") | E25: =IFERROR(INDEX(Tbl案件[破獲時間],AGGREGATE(15,6,ROW(Tbl案件[編號])/((Tbl案件[承辦人]=B3)*(Tbl案件[是否破獲]="是")*(Tbl案件[歸屬年度]=(YEAR(今日)-1911))),8)-14),"") | F25: =IFERROR(INDEX(Tbl案件[案件狀況],AGGREGATE(15,6,ROW(Tbl案件[編號])/((Tbl案件[承辦人]=B3)*(Tbl案件[是否破獲]="是")*(Tbl案件[歸屬年度]=(YEAR(今日)-1911))),8)-14),"") | G25: =IFERROR(INDEX(Tbl案件[涉案金額],AGGREGATE(15,6,ROW(Tbl案件[編號])/((Tbl案件[承辦人]=B3)*(Tbl案件[是否破獲]="是")*(Tbl案件[歸屬年度]=(YEAR(今日)-1911))),8)-14),"") | H25: =IFERROR(INDEX(Tbl案件[備註],AGGREGATE(15,6,ROW(Tbl案件[編號])/((Tbl案件[承辦人]=B3)*(Tbl案件[是否破獲]="是")*(Tbl案件[歸屬年度]=(YEAR(今日)-1911))),8)-14),"")
A26: =IFERROR(IF(AGGREGATE(15,6,ROW(Tbl案件[編號])/((Tbl案件[承辦人]=B3)*(Tbl案件[是否破獲]="是")*(Tbl案件[歸屬年度]=(YEAR(今日)-1911))),9)>0,9,""),"") | B26: =IFERROR(INDEX(Tbl案件[案類],AGGREGATE(15,6,ROW(Tbl案件[編號])/((Tbl案件[承辦人]=B3)*(Tbl案件[是否破獲]="是")*(Tbl案件[歸屬年度]=(YEAR(今日)-1911))),9)-14),"") | C26: =IFERROR(INDEX(Tbl案件[發生時間],AGGREGATE(15,6,ROW(Tbl案件[編號])/((Tbl案件[承辦人]=B3)*(Tbl案件[是否破獲]="是")*(Tbl案件[歸屬年度]=(YEAR(今日)-1911))),9)-14),"") | D26: =IFERROR(INDEX(Tbl案件[發生地點],AGGREGATE(15,6,ROW(Tbl案件[編號])/((Tbl案件[承辦人]=B3)*(Tbl案件[是否破獲]="是")*(Tbl案件[歸屬年度]=(YEAR(今日)-1911))),9)-14),"") | E26: =IFERROR(INDEX(Tbl案件[破獲時間],AGGREGATE(15,6,ROW(Tbl案件[編號])/((Tbl案件[承辦人]=B3)*(Tbl案件[是否破獲]="是")*(Tbl案件[歸屬年度]=(YEAR(今日)-1911))),9)-14),"") | F26: =IFERROR(INDEX(Tbl案件[案件狀況],AGGREGATE(15,6,ROW(Tbl案件[編號])/((Tbl案件[承辦人]=B3)*(Tbl案件[是否破獲]="是")*(Tbl案件[歸屬年度]=(YEAR(今日)-1911))),9)-14),"") | G26: =IFERROR(INDEX(Tbl案件[涉案金額],AGGREGATE(15,6,ROW(Tbl案件[編號])/((Tbl案件[承辦人]=B3)*(Tbl案件[是否破獲]="是")*(Tbl案件[歸屬年度]=(YEAR(今日)-1911))),9)-14),"") | H26: =IFERROR(INDEX(Tbl案件[備註],AGGREGATE(15,6,ROW(Tbl案件[編號])/((Tbl案件[承辦人]=B3)*(Tbl案件[是否破獲]="是")*(Tbl案件[歸屬年度]=(YEAR(今日)-1911))),9)-14),"")
A27: =IFERROR(IF(AGGREGATE(15,6,ROW(Tbl案件[編號])/((Tbl案件[承辦人]=B3)*(Tbl案件[是否破獲]="是")*(Tbl案件[歸屬年度]=(YEAR(今日)-1911))),10)>0,10,""),"") | B27: =IFERROR(INDEX(Tbl案件[案類],AGGREGATE(15,6,ROW(Tbl案件[編號])/((Tbl案件[承辦人]=B3)*(Tbl案件[是否破獲]="是")*(Tbl案件[歸屬年度]=(YEAR(今日)-1911))),10)-14),"") | C27: =IFERROR(INDEX(Tbl案件[發生時間],AGGREGATE(15,6,ROW(Tbl案件[編號])/((Tbl案件[承辦人]=B3)*(Tbl案件[是否破獲]="是")*(Tbl案件[歸屬年度]=(YEAR(今日)-1911))),10)-14),"") | D27: =IFERROR(INDEX(Tbl案件[發生地點],AGGREGATE(15,6,ROW(Tbl案件[編號])/((Tbl案件[承辦人]=B3)*(Tbl案件[是否破獲]="是")*(Tbl案件[歸屬年度]=(YEAR(今日)-1911))),10)-14),"") | E27: =IFERROR(INDEX(Tbl案件[破獲時間],AGGREGATE(15,6,ROW(Tbl案件[編號])/((Tbl案件[承辦人]=B3)*(Tbl案件[是否破獲]="是")*(Tbl案件[歸屬年度]=(YEAR(今日)-1911))),10)-14),"") | F27: =IFERROR(INDEX(Tbl案件[案件狀況],AGGREGATE(15,6,ROW(Tbl案件[編號])/((Tbl案件[承辦人]=B3)*(Tbl案件[是否破獲]="是")*(Tbl案件[歸屬年度]=(YEAR(今日)-1911))),10)-14),"") | G27: =IFERROR(INDEX(Tbl案件[涉案金額],AGGREGATE(15,6,ROW(Tbl案件[編號])/((Tbl案件[承辦人]=B3)*(Tbl案件[是否破獲]="是")*(Tbl案件[歸屬年度]=(YEAR(今日)-1911))),10)-14),"") | H27: =IFERROR(INDEX(Tbl案件[備註],AGGREGATE(15,6,ROW(Tbl案件[編號])/((Tbl案件[承辦人]=B3)*(Tbl案件[是否破獲]="是")*(Tbl案件[歸屬年度]=(YEAR(今日)-1911))),10)-14),"")
A28: =IFERROR(IF(AGGREGATE(15,6,ROW(Tbl案件[編號])/((Tbl案件[承辦人]=B3)*(Tbl案件[是否破獲]="是")*(Tbl案件[歸屬年度]=(YEAR(今日)-1911))),11)>0,11,""),"") | B28: =IFERROR(INDEX(Tbl案件[案類],AGGREGATE(15,6,ROW(Tbl案件[編號])/((Tbl案件[承辦人]=B3)*(Tbl案件[是否破獲]="是")*(Tbl案件[歸屬年度]=(YEAR(今日)-1911))),11)-14),"") | C28: =IFERROR(INDEX(Tbl案件[發生時間],AGGREGATE(15,6,ROW(Tbl案件[編號])/((Tbl案件[承辦人]=B3)*(Tbl案件[是否破獲]="是")*(Tbl案件[歸屬年度]=(YEAR(今日)-1911))),11)-14),"") | D28: =IFERROR(INDEX(Tbl案件[發生地點],AGGREGATE(15,6,ROW(Tbl案件[編號])/((Tbl案件[承辦人]=B3)*(Tbl案件[是否破獲]="是")*(Tbl案件[歸屬年度]=(YEAR(今日)-1911))),11)-14),"") | E28: =IFERROR(INDEX(Tbl案件[破獲時間],AGGREGATE(15,6,ROW(Tbl案件[編號])/((Tbl案件[承辦人]=B3)*(Tbl案件[是否破獲]="是")*(Tbl案件[歸屬年度]=(YEAR(今日)-1911))),11)-14),"") | F28: =IFERROR(INDEX(Tbl案件[案件狀況],AGGREGATE(15,6,ROW(Tbl案件[編號])/((Tbl案件[承辦人]=B3)*(Tbl案件[是否破獲]="是")*(Tbl案件[歸屬年度]=(YEAR(今日)-1911))),11)-14),"") | G28: =IFERROR(INDEX(Tbl案件[涉案金額],AGGREGATE(15,6,ROW(Tbl案件[編號])/((Tbl案件[承辦人]=B3)*(Tbl案件[是否破獲]="是")*(Tbl案件[歸屬年度]=(YEAR(今日)-1911))),11)-14),"") | H28: =IFERROR(INDEX(Tbl案件[備註],AGGREGATE(15,6,ROW(Tbl案件[編號])/((Tbl案件[承辦人]=B3)*(Tbl案件[是否破獲]="是")*(Tbl案件[歸屬年度]=(YEAR(今日)-1911))),11)-14),"")
A29: =IFERROR(IF(AGGREGATE(15,6,ROW(Tbl案件[編號])/((Tbl案件[承辦人]=B3)*(Tbl案件[是否破獲]="是")*(Tbl案件[歸屬年度]=(YEAR(今日)-1911))),12)>0,12,""),"") | B29: =IFERROR(INDEX(Tbl案件[案類],AGGREGATE(15,6,ROW(Tbl案件[編號])/((Tbl案件[承辦人]=B3)*(Tbl案件[是否破獲]="是")*(Tbl案件[歸屬年度]=(YEAR(今日)-1911))),12)-14),"") | C29: =IFERROR(INDEX(Tbl案件[發生時間],AGGREGATE(15,6,ROW(Tbl案件[編號])/((Tbl案件[承辦人]=B3)*(Tbl案件[是否破獲]="是")*(Tbl案件[歸屬年度]=(YEAR(今日)-1911))),12)-14),"") | D29: =IFERROR(INDEX(Tbl案件[發生地點],AGGREGATE(15,6,ROW(Tbl案件[編號])/((Tbl案件[承辦人]=B3)*(Tbl案件[是否破獲]="是")*(Tbl案件[歸屬年度]=(YEAR(今日)-1911))),12)-14),"") | E29: =IFERROR(INDEX(Tbl案件[破獲時間],AGGREGATE(15,6,ROW(Tbl案件[編號])/((Tbl案件[承辦人]=B3)*(Tbl案件[是否破獲]="是")*(Tbl案件[歸屬年度]=(YEAR(今日)-1911))),12)-14),"") | F29: =IFERROR(INDEX(Tbl案件[案件狀況],AGGREGATE(15,6,ROW(Tbl案件[編號])/((Tbl案件[承辦人]=B3)*(Tbl案件[是否破獲]="是")*(Tbl案件[歸屬年度]=(YEAR(今日)-1911))),12)-14),"") | G29: =IFERROR(INDEX(Tbl案件[涉案金額],AGGREGATE(15,6,ROW(Tbl案件[編號])/((Tbl案件[承辦人]=B3)*(Tbl案件[是否破獲]="是")*(Tbl案件[歸屬年度]=(YEAR(今日)-1911))),12)-14),"") | H29: =IFERROR(INDEX(Tbl案件[備註],AGGREGATE(15,6,ROW(Tbl案件[編號])/((Tbl案件[承辦人]=B3)*(Tbl案件[是否破獲]="是")*(Tbl案件[歸屬年度]=(YEAR(今日)-1911))),12)-14),"")
A30: =IFERROR(IF(AGGREGATE(15,6,ROW(Tbl案件[編號])/((Tbl案件[承辦人]=B3)*(Tbl案件[是否破獲]="是")*(Tbl案件[歸屬年度]=(YEAR(今日)-1911))),13)>0,13,""),"") | B30: =IFERROR(INDEX(Tbl案件[案類],AGGREGATE(15,6,ROW(Tbl案件[編號])/((Tbl案件[承辦人]=B3)*(Tbl案件[是否破獲]="是")*(Tbl案件[歸屬年度]=(YEAR(今日)-1911))),13)-14),"") | C30: =IFERROR(INDEX(Tbl案件[發生時間],AGGREGATE(15,6,ROW(Tbl案件[編號])/((Tbl案件[承辦人]=B3)*(Tbl案件[是否破獲]="是")*(Tbl案件[歸屬年度]=(YEAR(今日)-1911))),13)-14),"") | D30: =IFERROR(INDEX(Tbl案件[發生地點],AGGREGATE(15,6,ROW(Tbl案件[編號])/((Tbl案件[承辦人]=B3)*(Tbl案件[是否破獲]="是")*(Tbl案件[歸屬年度]=(YEAR(今日)-1911))),13)-14),"") | E30: =IFERROR(INDEX(Tbl案件[破獲時間],AGGREGATE(15,6,ROW(Tbl案件[編號])/((Tbl案件[承辦人]=B3)*(Tbl案件[是否破獲]="是")*(Tbl案件[歸屬年度]=(YEAR(今日)-1911))),13)-14),"") | F30: =IFERROR(INDEX(Tbl案件[案件狀況],AGGREGATE(15,6,ROW(Tbl案件[編號])/((Tbl案件[承辦人]=B3)*(Tbl案件[是否破獲]="是")*(Tbl案件[歸屬年度]=(YEAR(今日)-1911))),13)-14),"") | G30: =IFERROR(INDEX(Tbl案件[涉案金額],AGGREGATE(15,6,ROW(Tbl案件[編號])/((Tbl案件[承辦人]=B3)*(Tbl案件[是否破獲]="是")*(Tbl案件[歸屬年度]=(YEAR(今日)-1911))),13)-14),"") | H30: =IFERROR(INDEX(Tbl案件[備註],AGGREGATE(15,6,ROW(Tbl案件[編號])/((Tbl案件[承辦人]=B3)*(Tbl案件[是否破獲]="是")*(Tbl案件[歸屬年度]=(YEAR(今日)-1911))),13)-14),"")
A31: =IFERROR(IF(AGGREGATE(15,6,ROW(Tbl案件[編號])/((Tbl案件[承辦人]=B3)*(Tbl案件[是否破獲]="是")*(Tbl案件[歸屬年度]=(YEAR(今日)-1911))),14)>0,14,""),"") | B31: =IFERROR(INDEX(Tbl案件[案類],AGGREGATE(15,6,ROW(Tbl案件[編號])/((Tbl案件[承辦人]=B3)*(Tbl案件[是否破獲]="是")*(Tbl案件[歸屬年度]=(YEAR(今日)-1911))),14)-14),"") | C31: =IFERROR(INDEX(Tbl案件[發生時間],AGGREGATE(15,6,ROW(Tbl案件[編號])/((Tbl案件[承辦人]=B3)*(Tbl案件[是否破獲]="是")*(Tbl案件[歸屬年度]=(YEAR(今日)-1911))),14)-14),"") | D31: =IFERROR(INDEX(Tbl案件[發生地點],AGGREGATE(15,6,ROW(Tbl案件[編號])/((Tbl案件[承辦人]=B3)*(Tbl案件[是否破獲]="是")*(Tbl案件[歸屬年度]=(YEAR(今日)-1911))),14)-14),"") | E31: =IFERROR(INDEX(Tbl案件[破獲時間],AGGREGATE(15,6,ROW(Tbl案件[編號])/((Tbl案件[承辦人]=B3)*(Tbl案件[是否破獲]="是")*(Tbl案件[歸屬年度]=(YEAR(今日)-1911))),14)-14),"") | F31: =IFERROR(INDEX(Tbl案件[案件狀況],AGGREGATE(15,6,ROW(Tbl案件[編號])/((Tbl案件[承辦人]=B3)*(Tbl案件[是否破獲]="是")*(Tbl案件[歸屬年度]=(YEAR(今日)-1911))),14)-14),"") | G31: =IFERROR(INDEX(Tbl案件[涉案金額],AGGREGATE(15,6,ROW(Tbl案件[編號])/((Tbl案件[承辦人]=B3)*(Tbl案件[是否破獲]="是")*(Tbl案件[歸屬年度]=(YEAR(今日)-1911))),14)-14),"") | H31: =IFERROR(INDEX(Tbl案件[備註],AGGREGATE(15,6,ROW(Tbl案件[編號])/((Tbl案件[承辦人]=B3)*(Tbl案件[是否破獲]="是")*(Tbl案件[歸屬年度]=(YEAR(今日)-1911))),14)-14),"")
A32: =IFERROR(IF(AGGREGATE(15,6,ROW(Tbl案件[編號])/((Tbl案件[承辦人]=B3)*(Tbl案件[是否破獲]="是")*(Tbl案件[歸屬年度]=(YEAR(今日)-1911))),15)>0,15,""),"") | B32: =IFERROR(INDEX(Tbl案件[案類],AGGREGATE(15,6,ROW(Tbl案件[編號])/((Tbl案件[承辦人]=B3)*(Tbl案件[是否破獲]="是")*(Tbl案件[歸屬年度]=(YEAR(今日)-1911))),15)-14),"") | C32: =IFERROR(INDEX(Tbl案件[發生時間],AGGREGATE(15,6,ROW(Tbl案件[編號])/((Tbl案件[承辦人]=B3)*(Tbl案件[是否破獲]="是")*(Tbl案件[歸屬年度]=(YEAR(今日)-1911))),15)-14),"") | D32: =IFERROR(INDEX(Tbl案件[發生地點],AGGREGATE(15,6,ROW(Tbl案件[編號])/((Tbl案件[承辦人]=B3)*(Tbl案件[是否破獲]="是")*(Tbl案件[歸屬年度]=(YEAR(今日)-1911))),15)-14),"") | E32: =IFERROR(INDEX(Tbl案件[破獲時間],AGGREGATE(15,6,ROW(Tbl案件[編號])/((Tbl案件[承辦人]=B3)*(Tbl案件[是否破獲]="是")*(Tbl案件[歸屬年度]=(YEAR(今日)-1911))),15)-14),"") | F32: =IFERROR(INDEX(Tbl案件[案件狀況],AGGREGATE(15,6,ROW(Tbl案件[編號])/((Tbl案件[承辦人]=B3)*(Tbl案件[是否破獲]="是")*(Tbl案件[歸屬年度]=(YEAR(今日)-1911))),15)-14),"") | G32: =IFERROR(INDEX(Tbl案件[涉案金額],AGGREGATE(15,6,ROW(Tbl案件[編號])/((Tbl案件[承辦人]=B3)*(Tbl案件[是否破獲]="是")*(Tbl案件[歸屬年度]=(YEAR(今日)-1911))),15)-14),"") | H32: =IFERROR(INDEX(Tbl案件[備註],AGGREGATE(15,6,ROW(Tbl案件[編號])/((Tbl案件[承辦人]=B3)*(Tbl案件[是否破獲]="是")*(Tbl案件[歸屬年度]=(YEAR(今日)-1911))),15)-14),"")
A33: =IFERROR(IF(AGGREGATE(15,6,ROW(Tbl案件[編號])/((Tbl案件[承辦人]=B3)*(Tbl案件[是否破獲]="是")*(Tbl案件[歸屬年度]=(YEAR(今日)-1911))),16)>0,16,""),"") | B33: =IFERROR(INDEX(Tbl案件[案類],AGGREGATE(15,6,ROW(Tbl案件[編號])/((Tbl案件[承辦人]=B3)*(Tbl案件[是否破獲]="是")*(Tbl案件[歸屬年度]=(YEAR(今日)-1911))),16)-14),"") | C33: =IFERROR(INDEX(Tbl案件[發生時間],AGGREGATE(15,6,ROW(Tbl案件[編號])/((Tbl案件[承辦人]=B3)*(Tbl案件[是否破獲]="是")*(Tbl案件[歸屬年度]=(YEAR(今日)-1911))),16)-14),"") | D33: =IFERROR(INDEX(Tbl案件[發生地點],AGGREGATE(15,6,ROW(Tbl案件[編號])/((Tbl案件[承辦人]=B3)*(Tbl案件[是否破獲]="是")*(Tbl案件[歸屬年度]=(YEAR(今日)-1911))),16)-14),"") | E33: =IFERROR(INDEX(Tbl案件[破獲時間],AGGREGATE(15,6,ROW(Tbl案件[編號])/((Tbl案件[承辦人]=B3)*(Tbl案件[是否破獲]="是")*(Tbl案件[歸屬年度]=(YEAR(今日)-1911))),16)-14),"") | F33: =IFERROR(INDEX(Tbl案件[案件狀況],AGGREGATE(15,6,ROW(Tbl案件[編號])/((Tbl案件[承辦人]=B3)*(Tbl案件[是否破獲]="是")*(Tbl案件[歸屬年度]=(YEAR(今日)-1911))),16)-14),"") | G33: =IFERROR(INDEX(Tbl案件[涉案金額],AGGREGATE(15,6,ROW(Tbl案件[編號])/((Tbl案件[承辦人]=B3)*(Tbl案件[是否破獲]="是")*(Tbl案件[歸屬年度]=(YEAR(今日)-1911))),16)-14),"") | H33: =IFERROR(INDEX(Tbl案件[備註],AGGREGATE(15,6,ROW(Tbl案件[編號])/((Tbl案件[承辦人]=B3)*(Tbl案件[是否破獲]="是")*(Tbl案件[歸屬年度]=(YEAR(今日)-1911))),16)-14),"")
A34: =IFERROR(IF(AGGREGATE(15,6,ROW(Tbl案件[編號])/((Tbl案件[承辦人]=B3)*(Tbl案件[是否破獲]="是")*(Tbl案件[歸屬年度]=(YEAR(今日)-1911))),17)>0,17,""),"") | B34: =IFERROR(INDEX(Tbl案件[案類],AGGREGATE(15,6,ROW(Tbl案件[編號])/((Tbl案件[承辦人]=B3)*(Tbl案件[是否破獲]="是")*(Tbl案件[歸屬年度]=(YEAR(今日)-1911))),17)-14),"") | C34: =IFERROR(INDEX(Tbl案件[發生時間],AGGREGATE(15,6,ROW(Tbl案件[編號])/((Tbl案件[承辦人]=B3)*(Tbl案件[是否破獲]="是")*(Tbl案件[歸屬年度]=(YEAR(今日)-1911))),17)-14),"") | D34: =IFERROR(INDEX(Tbl案件[發生地點],AGGREGATE(15,6,ROW(Tbl案件[編號])/((Tbl案件[承辦人]=B3)*(Tbl案件[是否破獲]="是")*(Tbl案件[歸屬年度]=(YEAR(今日)-1911))),17)-14),"") | E34: =IFERROR(INDEX(Tbl案件[破獲時間],AGGREGATE(15,6,ROW(Tbl案件[編號])/((Tbl案件[承辦人]=B3)*(Tbl案件[是否破獲]="是")*(Tbl案件[歸屬年度]=(YEAR(今日)-1911))),17)-14),"") | F34: =IFERROR(INDEX(Tbl案件[案件狀況],AGGREGATE(15,6,ROW(Tbl案件[編號])/((Tbl案件[承辦人]=B3)*(Tbl案件[是否破獲]="是")*(Tbl案件[歸屬年度]=(YEAR(今日)-1911))),17)-14),"") | G34: =IFERROR(INDEX(Tbl案件[涉案金額],AGGREGATE(15,6,ROW(Tbl案件[編號])/((Tbl案件[承辦人]=B3)*(Tbl案件[是否破獲]="是")*(Tbl案件[歸屬年度]=(YEAR(今日)-1911))),17)-14),"") | H34: =IFERROR(INDEX(Tbl案件[備註],AGGREGATE(15,6,ROW(Tbl案件[編號])/((Tbl案件[承辦人]=B3)*(Tbl案件[是否破獲]="是")*(Tbl案件[歸屬年度]=(YEAR(今日)-1911))),17)-14),"")
A35: =IFERROR(IF(AGGREGATE(15,6,ROW(Tbl案件[編號])/((Tbl案件[承辦人]=B3)*(Tbl案件[是否破獲]="是")*(Tbl案件[歸屬年度]=(YEAR(今日)-1911))),18)>0,18,""),"") | B35: =IFERROR(INDEX(Tbl案件[案類],AGGREGATE(15,6,ROW(Tbl案件[編號])/((Tbl案件[承辦人]=B3)*(Tbl案件[是否破獲]="是")*(Tbl案件[歸屬年度]=(YEAR(今日)-1911))),18)-14),"") | C35: =IFERROR(INDEX(Tbl案件[發生時間],AGGREGATE(15,6,ROW(Tbl案件[編號])/((Tbl案件[承辦人]=B3)*(Tbl案件[是否破獲]="是")*(Tbl案件[歸屬年度]=(YEAR(今日)-1911))),18)-14),"") | D35: =IFERROR(INDEX(Tbl案件[發生地點],AGGREGATE(15,6,ROW(Tbl案件[編號])/((Tbl案件[承辦人]=B3)*(Tbl案件[是否破獲]="是")*(Tbl案件[歸屬年度]=(YEAR(今日)-1911))),18)-14),"") | E35: =IFERROR(INDEX(Tbl案件[破獲時間],AGGREGATE(15,6,ROW(Tbl案件[編號])/((Tbl案件[承辦人]=B3)*(Tbl案件[是否破獲]="是")*(Tbl案件[歸屬年度]=(YEAR(今日)-1911))),18)-14),"") | F35: =IFERROR(INDEX(Tbl案件[案件狀況],AGGREGATE(15,6,ROW(Tbl案件[編號])/((Tbl案件[承辦人]=B3)*(Tbl案件[是否破獲]="是")*(Tbl案件[歸屬年度]=(YEAR(今日)-1911))),18)-14),"") | G35: =IFERROR(INDEX(Tbl案件[涉案金額],AGGREGATE(15,6,ROW(Tbl案件[編號])/((Tbl案件[承辦人]=B3)*(Tbl案件[是否破獲]="是")*(Tbl案件[歸屬年度]=(YEAR(今日)-1911))),18)-14),"") | H35: =IFERROR(INDEX(Tbl案件[備註],AGGREGATE(15,6,ROW(Tbl案件[編號])/((Tbl案件[承辦人]=B3)*(Tbl案件[是否破獲]="是")*(Tbl案件[歸屬年度]=(YEAR(今日)-1911))),18)-14),"")
A36: =IFERROR(IF(AGGREGATE(15,6,ROW(Tbl案件[編號])/((Tbl案件[承辦人]=B3)*(Tbl案件[是否破獲]="是")*(Tbl案件[歸屬年度]=(YEAR(今日)-1911))),19)>0,19,""),"") | B36: =IFERROR(INDEX(Tbl案件[案類],AGGREGATE(15,6,ROW(Tbl案件[編號])/((Tbl案件[承辦人]=B3)*(Tbl案件[是否破獲]="是")*(Tbl案件[歸屬年度]=(YEAR(今日)-1911))),19)-14),"") | C36: =IFERROR(INDEX(Tbl案件[發生時間],AGGREGATE(15,6,ROW(Tbl案件[編號])/((Tbl案件[承辦人]=B3)*(Tbl案件[是否破獲]="是")*(Tbl案件[歸屬年度]=(YEAR(今日)-1911))),19)-14),"") | D36: =IFERROR(INDEX(Tbl案件[發生地點],AGGREGATE(15,6,ROW(Tbl案件[編號])/((Tbl案件[承辦人]=B3)*(Tbl案件[是否破獲]="是")*(Tbl案件[歸屬年度]=(YEAR(今日)-1911))),19)-14),"") | E36: =IFERROR(INDEX(Tbl案件[破獲時間],AGGREGATE(15,6,ROW(Tbl案件[編號])/((Tbl案件[承辦人]=B3)*(Tbl案件[是否破獲]="是")*(Tbl案件[歸屬年度]=(YEAR(今日)-1911))),19)-14),"") | F36: =IFERROR(INDEX(Tbl案件[案件狀況],AGGREGATE(15,6,ROW(Tbl案件[編號])/((Tbl案件[承辦人]=B3)*(Tbl案件[是否破獲]="是")*(Tbl案件[歸屬年度]=(YEAR(今日)-1911))),19)-14),"") | G36: =IFERROR(INDEX(Tbl案件[涉案金額],AGGREGATE(15,6,ROW(Tbl案件[編號])/((Tbl案件[承辦人]=B3)*(Tbl案件[是否破獲]="是")*(Tbl案件[歸屬年度]=(YEAR(今日)-1911))),19)-14),"") | H36: =IFERROR(INDEX(Tbl案件[備註],AGGREGATE(15,6,ROW(Tbl案件[編號])/((Tbl案件[承辦人]=B3)*(Tbl案件[是否破獲]="是")*(Tbl案件[歸屬年度]=(YEAR(今日)-1911))),19)-14),"")
A37: =IFERROR(IF(AGGREGATE(15,6,ROW(Tbl案件[編號])/((Tbl案件[承辦人]=B3)*(Tbl案件[是否破獲]="是")*(Tbl案件[歸屬年度]=(YEAR(今日)-1911))),20)>0,20,""),"") | B37: =IFERROR(INDEX(Tbl案件[案類],AGGREGATE(15,6,ROW(Tbl案件[編號])/((Tbl案件[承辦人]=B3)*(Tbl案件[是否破獲]="是")*(Tbl案件[歸屬年度]=(YEAR(今日)-1911))),20)-14),"") | C37: =IFERROR(INDEX(Tbl案件[發生時間],AGGREGATE(15,6,ROW(Tbl案件[編號])/((Tbl案件[承辦人]=B3)*(Tbl案件[是否破獲]="是")*(Tbl案件[歸屬年度]=(YEAR(今日)-1911))),20)-14),"") | D37: =IFERROR(INDEX(Tbl案件[發生地點],AGGREGATE(15,6,ROW(Tbl案件[編號])/((Tbl案件[承辦人]=B3)*(Tbl案件[是否破獲]="是")*(Tbl案件[歸屬年度]=(YEAR(今日)-1911))),20)-14),"") | E37: =IFERROR(INDEX(Tbl案件[破獲時間],AGGREGATE(15,6,ROW(Tbl案件[編號])/((Tbl案件[承辦人]=B3)*(Tbl案件[是否破獲]="是")*(Tbl案件[歸屬年度]=(YEAR(今日)-1911))),20)-14),"") | F37: =IFERROR(INDEX(Tbl案件[案件狀況],AGGREGATE(15,6,ROW(Tbl案件[編號])/((Tbl案件[承辦人]=B3)*(Tbl案件[是否破獲]="是")*(Tbl案件[歸屬年度]=(YEAR(今日)-1911))),20)-14),"") | G37: =IFERROR(INDEX(Tbl案件[涉案金額],AGGREGATE(15,6,ROW(Tbl案件[編號])/((Tbl案件[承辦人]=B3)*(Tbl案件[是否破獲]="是")*(Tbl案件[歸屬年度]=(YEAR(今日)-1911))),20)-14),"") | H37: =IFERROR(INDEX(Tbl案件[備註],AGGREGATE(15,6,ROW(Tbl案件[編號])/((Tbl案件[承辦人]=B3)*(Tbl案件[是否破獲]="是")*(Tbl案件[歸屬年度]=(YEAR(今日)-1911))),20)-14),"")
A38: =IFERROR(IF(AGGREGATE(15,6,ROW(Tbl案件[編號])/((Tbl案件[承辦人]=B3)*(Tbl案件[是否破獲]="是")*(Tbl案件[歸屬年度]=(YEAR(今日)-1911))),21)>0,21,""),"") | B38: =IFERROR(INDEX(Tbl案件[案類],AGGREGATE(15,6,ROW(Tbl案件[編號])/((Tbl案件[承辦人]=B3)*(Tbl案件[是否破獲]="是")*(Tbl案件[歸屬年度]=(YEAR(今日)-1911))),21)-14),"") | C38: =IFERROR(INDEX(Tbl案件[發生時間],AGGREGATE(15,6,ROW(Tbl案件[編號])/((Tbl案件[承辦人]=B3)*(Tbl案件[是否破獲]="是")*(Tbl案件[歸屬年度]=(YEAR(今日)-1911))),21)-14),"") | D38: =IFERROR(INDEX(Tbl案件[發生地點],AGGREGATE(15,6,ROW(Tbl案件[編號])/((Tbl案件[承辦人]=B3)*(Tbl案件[是否破獲]="是")*(Tbl案件[歸屬年度]=(YEAR(今日)-1911))),21)-14),"") | E38: =IFERROR(INDEX(Tbl案件[破獲時間],AGGREGATE(15,6,ROW(Tbl案件[編號])/((Tbl案件[承辦人]=B3)*(Tbl案件[是否破獲]="是")*(Tbl案件[歸屬年度]=(YEAR(今日)-1911))),21)-14),"") | F38: =IFERROR(INDEX(Tbl案件[案件狀況],AGGREGATE(15,6,ROW(Tbl案件[編號])/((Tbl案件[承辦人]=B3)*(Tbl案件[是否破獲]="是")*(Tbl案件[歸屬年度]=(YEAR(今日)-1911))),21)-14),"") | G38: =IFERROR(INDEX(Tbl案件[涉案金額],AGGREGATE(15,6,ROW(Tbl案件[編號])/((Tbl案件[承辦人]=B3)*(Tbl案件[是否破獲]="是")*(Tbl案件[歸屬年度]=(YEAR(今日)-1911))),21)-14),"") | H38: =IFERROR(INDEX(Tbl案件[備註],AGGREGATE(15,6,ROW(Tbl案件[編號])/((Tbl案件[承辦人]=B3)*(Tbl案件[是否破獲]="是")*(Tbl案件[歸屬年度]=(YEAR(今日)-1911))),21)-14),"")
A39: =IFERROR(IF(AGGREGATE(15,6,ROW(Tbl案件[編號])/((Tbl案件[承辦人]=B3)*(Tbl案件[是否破獲]="是")*(Tbl案件[歸屬年度]=(YEAR(今日)-1911))),22)>0,22,""),"") | B39: =IFERROR(INDEX(Tbl案件[案類],AGGREGATE(15,6,ROW(Tbl案件[編號])/((Tbl案件[承辦人]=B3)*(Tbl案件[是否破獲]="是")*(Tbl案件[歸屬年度]=(YEAR(今日)-1911))),22)-14),"") | C39: =IFERROR(INDEX(Tbl案件[發生時間],AGGREGATE(15,6,ROW(Tbl案件[編號])/((Tbl案件[承辦人]=B3)*(Tbl案件[是否破獲]="是")*(Tbl案件[歸屬年度]=(YEAR(今日)-1911))),22)-14),"") | D39: =IFERROR(INDEX(Tbl案件[發生地點],AGGREGATE(15,6,ROW(Tbl案件[編號])/((Tbl案件[承辦人]=B3)*(Tbl案件[是否破獲]="是")*(Tbl案件[歸屬年度]=(YEAR(今日)-1911))),22)-14),"") | E39: =IFERROR(INDEX(Tbl案件[破獲時間],AGGREGATE(15,6,ROW(Tbl案件[編號])/((Tbl案件[承辦人]=B3)*(Tbl案件[是否破獲]="是")*(Tbl案件[歸屬年度]=(YEAR(今日)-1911))),22)-14),"") | F39: =IFERROR(INDEX(Tbl案件[案件狀況],AGGREGATE(15,6,ROW(Tbl案件[編號])/((Tbl案件[承辦人]=B3)*(Tbl案件[是否破獲]="是")*(Tbl案件[歸屬年度]=(YEAR(今日)-1911))),22)-14),"") | G39: =IFERROR(INDEX(Tbl案件[涉案金額],AGGREGATE(15,6,ROW(Tbl案件[編號])/((Tbl案件[承辦人]=B3)*(Tbl案件[是否破獲]="是")*(Tbl案件[歸屬年度]=(YEAR(今日)-1911))),22)-14),"") | H39: =IFERROR(INDEX(Tbl案件[備註],AGGREGATE(15,6,ROW(Tbl案件[編號])/((Tbl案件[承辦人]=B3)*(Tbl案件[是否破獲]="是")*(Tbl案件[歸屬年度]=(YEAR(今日)-1911))),22)-14),"")
A40: =IFERROR(IF(AGGREGATE(15,6,ROW(Tbl案件[編號])/((Tbl案件[承辦人]=B3)*(Tbl案件[是否破獲]="是")*(Tbl案件[歸屬年度]=(YEAR(今日)-1911))),23)>0,23,""),"") | B40: =IFERROR(INDEX(Tbl案件[案類],AGGREGATE(15,6,ROW(Tbl案件[編號])/((Tbl案件[承辦人]=B3)*(Tbl案件[是否破獲]="是")*(Tbl案件[歸屬年度]=(YEAR(今日)-1911))),23)-14),"") | C40: =IFERROR(INDEX(Tbl案件[發生時間],AGGREGATE(15,6,ROW(Tbl案件[編號])/((Tbl案件[承辦人]=B3)*(Tbl案件[是否破獲]="是")*(Tbl案件[歸屬年度]=(YEAR(今日)-1911))),23)-14),"") | D40: =IFERROR(INDEX(Tbl案件[發生地點],AGGREGATE(15,6,ROW(Tbl案件[編號])/((Tbl案件[承辦人]=B3)*(Tbl案件[是否破獲]="是")*(Tbl案件[歸屬年度]=(YEAR(今日)-1911))),23)-14),"") | E40: =IFERROR(INDEX(Tbl案件[破獲時間],AGGREGATE(15,6,ROW(Tbl案件[編號])/((Tbl案件[承辦人]=B3)*(Tbl案件[是否破獲]="是")*(Tbl案件[歸屬年度]=(YEAR(今日)-1911))),23)-14),"") | F40: =IFERROR(INDEX(Tbl案件[案件狀況],AGGREGATE(15,6,ROW(Tbl案件[編號])/((Tbl案件[承辦人]=B3)*(Tbl案件[是否破獲]="是")*(Tbl案件[歸屬年度]=(YEAR(今日)-1911))),23)-14),"") | G40: =IFERROR(INDEX(Tbl案件[涉案金額],AGGREGATE(15,6,ROW(Tbl案件[編號])/((Tbl案件[承辦人]=B3)*(Tbl案件[是否破獲]="是")*(Tbl案件[歸屬年度]=(YEAR(今日)-1911))),23)-14),"") | H40: =IFERROR(INDEX(Tbl案件[備註],AGGREGATE(15,6,ROW(Tbl案件[編號])/((Tbl案件[承辦人]=B3)*(Tbl案件[是否破獲]="是")*(Tbl案件[歸屬年度]=(YEAR(今日)-1911))),23)-14),"")
A41: =IFERROR(IF(AGGREGATE(15,6,ROW(Tbl案件[編號])/((Tbl案件[承辦人]=B3)*(Tbl案件[是否破獲]="是")*(Tbl案件[歸屬年度]=(YEAR(今日)-1911))),24)>0,24,""),"") | B41: =IFERROR(INDEX(Tbl案件[案類],AGGREGATE(15,6,ROW(Tbl案件[編號])/((Tbl案件[承辦人]=B3)*(Tbl案件[是否破獲]="是")*(Tbl案件[歸屬年度]=(YEAR(今日)-1911))),24)-14),"") | C41: =IFERROR(INDEX(Tbl案件[發生時間],AGGREGATE(15,6,ROW(Tbl案件[編號])/((Tbl案件[承辦人]=B3)*(Tbl案件[是否破獲]="是")*(Tbl案件[歸屬年度]=(YEAR(今日)-1911))),24)-14),"") | D41: =IFERROR(INDEX(Tbl案件[發生地點],AGGREGATE(15,6,ROW(Tbl案件[編號])/((Tbl案件[承辦人]=B3)*(Tbl案件[是否破獲]="是")*(Tbl案件[歸屬年度]=(YEAR(今日)-1911))),24)-14),"") | E41: =IFERROR(INDEX(Tbl案件[破獲時間],AGGREGATE(15,6,ROW(Tbl案件[編號])/((Tbl案件[承辦人]=B3)*(Tbl案件[是否破獲]="是")*(Tbl案件[歸屬年度]=(YEAR(今日)-1911))),24)-14),"") | F41: =IFERROR(INDEX(Tbl案件[案件狀況],AGGREGATE(15,6,ROW(Tbl案件[編號])/((Tbl案件[承辦人]=B3)*(Tbl案件[是否破獲]="是")*(Tbl案件[歸屬年度]=(YEAR(今日)-1911))),24)-14),"") | G41: =IFERROR(INDEX(Tbl案件[涉案金額],AGGREGATE(15,6,ROW(Tbl案件[編號])/((Tbl案件[承辦人]=B3)*(Tbl案件[是否破獲]="是")*(Tbl案件[歸屬年度]=(YEAR(今日)-1911))),24)-14),"") | H41: =IFERROR(INDEX(Tbl案件[備註],AGGREGATE(15,6,ROW(Tbl案件[編號])/((Tbl案件[承辦人]=B3)*(Tbl案件[是否破獲]="是")*(Tbl案件[歸屬年度]=(YEAR(今日)-1911))),24)-14),"")
A42: =IFERROR(IF(AGGREGATE(15,6,ROW(Tbl案件[編號])/((Tbl案件[承辦人]=B3)*(Tbl案件[是否破獲]="是")*(Tbl案件[歸屬年度]=(YEAR(今日)-1911))),25)>0,25,""),"") | B42: =IFERROR(INDEX(Tbl案件[案類],AGGREGATE(15,6,ROW(Tbl案件[編號])/((Tbl案件[承辦人]=B3)*(Tbl案件[是否破獲]="是")*(Tbl案件[歸屬年度]=(YEAR(今日)-1911))),25)-14),"") | C42: =IFERROR(INDEX(Tbl案件[發生時間],AGGREGATE(15,6,ROW(Tbl案件[編號])/((Tbl案件[承辦人]=B3)*(Tbl案件[是否破獲]="是")*(Tbl案件[歸屬年度]=(YEAR(今日)-1911))),25)-14),"") | D42: =IFERROR(INDEX(Tbl案件[發生地點],AGGREGATE(15,6,ROW(Tbl案件[編號])/((Tbl案件[承辦人]=B3)*(Tbl案件[是否破獲]="是")*(Tbl案件[歸屬年度]=(YEAR(今日)-1911))),25)-14),"") | E42: =IFERROR(INDEX(Tbl案件[破獲時間],AGGREGATE(15,6,ROW(Tbl案件[編號])/((Tbl案件[承辦人]=B3)*(Tbl案件[是否破獲]="是")*(Tbl案件[歸屬年度]=(YEAR(今日)-1911))),25)-14),"") | F42: =IFERROR(INDEX(Tbl案件[案件狀況],AGGREGATE(15,6,ROW(Tbl案件[編號])/((Tbl案件[承辦人]=B3)*(Tbl案件[是否破獲]="是")*(Tbl案件[歸屬年度]=(YEAR(今日)-1911))),25)-14),"") | G42: =IFERROR(INDEX(Tbl案件[涉案金額],AGGREGATE(15,6,ROW(Tbl案件[編號])/((Tbl案件[承辦人]=B3)*(Tbl案件[是否破獲]="是")*(Tbl案件[歸屬年度]=(YEAR(今日)-1911))),25)-14),"") | H42: =IFERROR(INDEX(Tbl案件[備註],AGGREGATE(15,6,ROW(Tbl案件[編號])/((Tbl案件[承辦人]=B3)*(Tbl案件[是否破獲]="是")*(Tbl案件[歸屬年度]=(YEAR(今日)-1911))),25)-14),"")
A43: =IFERROR(IF(AGGREGATE(15,6,ROW(Tbl案件[編號])/((Tbl案件[承辦人]=B3)*(Tbl案件[是否破獲]="是")*(Tbl案件[歸屬年度]=(YEAR(今日)-1911))),26)>0,26,""),"") | B43: =IFERROR(INDEX(Tbl案件[案類],AGGREGATE(15,6,ROW(Tbl案件[編號])/((Tbl案件[承辦人]=B3)*(Tbl案件[是否破獲]="是")*(Tbl案件[歸屬年度]=(YEAR(今日)-1911))),26)-14),"") | C43: =IFERROR(INDEX(Tbl案件[發生時間],AGGREGATE(15,6,ROW(Tbl案件[編號])/((Tbl案件[承辦人]=B3)*(Tbl案件[是否破獲]="是")*(Tbl案件[歸屬年度]=(YEAR(今日)-1911))),26)-14),"") | D43: =IFERROR(INDEX(Tbl案件[發生地點],AGGREGATE(15,6,ROW(Tbl案件[編號])/((Tbl案件[承辦人]=B3)*(Tbl案件[是否破獲]="是")*(Tbl案件[歸屬年度]=(YEAR(今日)-1911))),26)-14),"") | E43: =IFERROR(INDEX(Tbl案件[破獲時間],AGGREGATE(15,6,ROW(Tbl案件[編號])/((Tbl案件[承辦人]=B3)*(Tbl案件[是否破獲]="是")*(Tbl案件[歸屬年度]=(YEAR(今日)-1911))),26)-14),"") | F43: =IFERROR(INDEX(Tbl案件[案件狀況],AGGREGATE(15,6,ROW(Tbl案件[編號])/((Tbl案件[承辦人]=B3)*(Tbl案件[是否破獲]="是")*(Tbl案件[歸屬年度]=(YEAR(今日)-1911))),26)-14),"") | G43: =IFERROR(INDEX(Tbl案件[涉案金額],AGGREGATE(15,6,ROW(Tbl案件[編號])/((Tbl案件[承辦人]=B3)*(Tbl案件[是否破獲]="是")*(Tbl案件[歸屬年度]=(YEAR(今日)-1911))),26)-14),"") | H43: =IFERROR(INDEX(Tbl案件[備註],AGGREGATE(15,6,ROW(Tbl案件[編號])/((Tbl案件[承辦人]=B3)*(Tbl案件[是否破獲]="是")*(Tbl案件[歸屬年度]=(YEAR(今日)-1911))),26)-14),"")
A44: =IFERROR(IF(AGGREGATE(15,6,ROW(Tbl案件[編號])/((Tbl案件[承辦人]=B3)*(Tbl案件[是否破獲]="是")*(Tbl案件[歸屬年度]=(YEAR(今日)-1911))),27)>0,27,""),"") | B44: =IFERROR(INDEX(Tbl案件[案類],AGGREGATE(15,6,ROW(Tbl案件[編號])/((Tbl案件[承辦人]=B3)*(Tbl案件[是否破獲]="是")*(Tbl案件[歸屬年度]=(YEAR(今日)-1911))),27)-14),"") | C44: =IFERROR(INDEX(Tbl案件[發生時間],AGGREGATE(15,6,ROW(Tbl案件[編號])/((Tbl案件[承辦人]=B3)*(Tbl案件[是否破獲]="是")*(Tbl案件[歸屬年度]=(YEAR(今日)-1911))),27)-14),"") | D44: =IFERROR(INDEX(Tbl案件[發生地點],AGGREGATE(15,6,ROW(Tbl案件[編號])/((Tbl案件[承辦人]=B3)*(Tbl案件[是否破獲]="是")*(Tbl案件[歸屬年度]=(YEAR(今日)-1911))),27)-14),"") | E44: =IFERROR(INDEX(Tbl案件[破獲時間],AGGREGATE(15,6,ROW(Tbl案件[編號])/((Tbl案件[承辦人]=B3)*(Tbl案件[是否破獲]="是")*(Tbl案件[歸屬年度]=(YEAR(今日)-1911))),27)-14),"") | F44: =IFERROR(INDEX(Tbl案件[案件狀況],AGGREGATE(15,6,ROW(Tbl案件[編號])/((Tbl案件[承辦人]=B3)*(Tbl案件[是否破獲]="是")*(Tbl案件[歸屬年度]=(YEAR(今日)-1911))),27)-14),"") | G44: =IFERROR(INDEX(Tbl案件[涉案金額],AGGREGATE(15,6,ROW(Tbl案件[編號])/((Tbl案件[承辦人]=B3)*(Tbl案件[是否破獲]="是")*(Tbl案件[歸屬年度]=(YEAR(今日)-1911))),27)-14),"") | H44: =IFERROR(INDEX(Tbl案件[備註],AGGREGATE(15,6,ROW(Tbl案件[編號])/((Tbl案件[承辦人]=B3)*(Tbl案件[是否破獲]="是")*(Tbl案件[歸屬年度]=(YEAR(今日)-1911))),27)-14),"")
A45: =IFERROR(IF(AGGREGATE(15,6,ROW(Tbl案件[編號])/((Tbl案件[承辦人]=B3)*(Tbl案件[是否破獲]="是")*(Tbl案件[歸屬年度]=(YEAR(今日)-1911))),28)>0,28,""),"") | B45: =IFERROR(INDEX(Tbl案件[案類],AGGREGATE(15,6,ROW(Tbl案件[編號])/((Tbl案件[承辦人]=B3)*(Tbl案件[是否破獲]="是")*(Tbl案件[歸屬年度]=(YEAR(今日)-1911))),28)-14),"") | C45: =IFERROR(INDEX(Tbl案件[發生時間],AGGREGATE(15,6,ROW(Tbl案件[編號])/((Tbl案件[承辦人]=B3)*(Tbl案件[是否破獲]="是")*(Tbl案件[歸屬年度]=(YEAR(今日)-1911))),28)-14),"") | D45: =IFERROR(INDEX(Tbl案件[發生地點],AGGREGATE(15,6,ROW(Tbl案件[編號])/((Tbl案件[承辦人]=B3)*(Tbl案件[是否破獲]="是")*(Tbl案件[歸屬年度]=(YEAR(今日)-1911))),28)-14),"") | E45: =IFERROR(INDEX(Tbl案件[破獲時間],AGGREGATE(15,6,ROW(Tbl案件[編號])/((Tbl案件[承辦人]=B3)*(Tbl案件[是否破獲]="是")*(Tbl案件[歸屬年度]=(YEAR(今日)-1911))),28)-14),"") | F45: =IFERROR(INDEX(Tbl案件[案件狀況],AGGREGATE(15,6,ROW(Tbl案件[編號])/((Tbl案件[承辦人]=B3)*(Tbl案件[是否破獲]="是")*(Tbl案件[歸屬年度]=(YEAR(今日)-1911))),28)-14),"") | G45: =IFERROR(INDEX(Tbl案件[涉案金額],AGGREGATE(15,6,ROW(Tbl案件[編號])/((Tbl案件[承辦人]=B3)*(Tbl案件[是否破獲]="是")*(Tbl案件[歸屬年度]=(YEAR(今日)-1911))),28)-14),"") | H45: =IFERROR(INDEX(Tbl案件[備註],AGGREGATE(15,6,ROW(Tbl案件[編號])/((Tbl案件[承辦人]=B3)*(Tbl案件[是否破獲]="是")*(Tbl案件[歸屬年度]=(YEAR(今日)-1911))),28)-14),"")
